sample_index,t_over_T,phase_fraction,a_plus_abs,a_minus_abs
0.000000000000000000e+00,0.000000000000000000e+00,0.000000000000000000e+00,9.999999403953552246e-01,0.000000000000000000e+00
1.000000000000000000e+00,2.500000000000000000e-01,2.500000000000000000e-01,9.197240471839904785e-01,3.925659358501434326e-01
2.000000000000000000e+00,5.000000000000000000e-01,5.000000000000000000e-01,7.070878148078918457e-01,7.071264386177062988e-01
3.000000000000000000e+00,7.500000000000000000e-01,7.500000000000000000e-01,3.926155865192413330e-01,9.197034835815429688e-01
4.000000000000000000e+00,1.000000000000000000e+00,0.000000000000000000e+00,5.489600880537182093e-05,1.000000596046447754e+00
5.000000000000000000e+00,1.250000000000000000e+00,2.500000000000000000e-01,3.925165235996246338e-01,9.197456240653991699e-01
6.000000000000000000e+00,1.500000000000000000e+00,5.000000000000000000e-01,7.071656584739685059e-01,7.070491909980773926e-01
7.000000000000000000e+00,1.750000000000000000e+00,7.500000000000000000e-01,9.196826219558715820e-01,3.926654458045959473e-01
8.000000000000000000e+00,2.000000000000000000e+00,0.000000000000000000e+00,1.000001192092895508e+00,1.099070941563695669e-04
9.000000000000000000e+00,2.250000000000000000e+00,2.500000000000000000e-01,9.197675585746765137e-01,3.924668729305267334e-01
1.000000000000000000e+01,2.500000000000000000e+00,5.000000000000000000e-01,7.070105671882629395e-01,7.072051167488098145e-01
1.100000000000000000e+01,2.750000000000000000e+00,7.500000000000000000e-01,3.927154839038848877e-01,9.196619987487792969e-01
1.200000000000000000e+01,3.000000000000000000e+00,0.000000000000000000e+00,1.651652419241145253e-04,1.000001549720764160e+00
1.300000000000000000e+01,3.250000000000000000e+00,2.500000000000000000e-01,3.924171626567840576e-01,9.197891950607299805e-01
1.400000000000000000e+01,3.500000000000000000e+00,5.000000000000000000e-01,7.072445750236511230e-01,7.069714069366455078e-01
1.500000000000000000e+01,3.750000000000000000e+00,7.500000000000000000e-01,9.196405410766601562e-01,3.927657902240753174e-01
1.600000000000000000e+01,4.000000000000000000e+00,0.000000000000000000e+00,1.000001907348632812e+00,2.204578195232897997e-04
1.700000000000000000e+01,4.250000000000000000e+00,2.500000000000000000e-01,9.198107719421386719e-01,3.923678994178771973e-01
1.800000000000000000e+01,4.500000000000000000e+00,5.000000000000000000e-01,7.069331407546997070e-01,7.072843313217163086e-01
1.900000000000000000e+01,4.750000000000000000e+00,7.500000000000000000e-01,3.928161263465881348e-01,9.196203351020812988e-01
2.000000000000000000e+01,5.000000000000000000e+00,0.000000000000000000e+00,2.758804184850305319e-04,1.000002980232238770e+00
2.100000000000000000e+01,5.250000000000000000e+00,2.500000000000000000e-01,3.923180997371673584e-01,9.198328852653503418e-01
2.200000000000000000e+01,5.500000000000000000e+00,5.000000000000000000e-01,7.073246836662292480e-01,7.068936228752136230e-01
2.300000000000000000e+01,5.750000000000000000e+00,7.500000000000000000e-01,9.196002483367919922e-01,3.928654789924621582e-01
2.400000000000000000e+01,6.000000000000000000e+00,0.000000000000000000e+00,1.000003933906555176e+00,3.314559289719909430e-04
2.500000000000000000e+01,6.250000000000000000e+00,2.500000000000000000e-01,9.198545813560485840e-01,3.922687172889709473e-01
2.600000000000000000e+01,6.500000000000000000e+00,5.000000000000000000e-01,7.068566083908081055e-01,7.073626518249511719e-01
2.700000000000000000e+01,6.750000000000000000e+00,7.500000000000000000e-01,3.929181396961212158e-01,9.195782542228698730e-01
2.800000000000000000e+01,7.000000000000000000e+00,0.000000000000000000e+00,3.872785891871899366e-04,1.000004529953002930e+00
2.900000000000000000e+01,7.250000000000000000e+00,2.500000000000000000e-01,3.922170698642730713e-01,9.198777079582214355e-01
3.000000000000000000e+01,7.500000000000000000e+00,5.000000000000000000e-01,7.074018120765686035e-01,7.068188190460205078e-01
3.100000000000000000e+01,7.750000000000000000e+00,7.500000000000000000e-01,9.195606112480163574e-01,3.929623365402221680e-01
3.200000000000000000e+01,8.000000000000000000e+00,0.000000000000000000e+00,1.000005722045898438e+00,4.379630845505744219e-04
3.300000000000000000e+01,8.250000000000000000e+00,2.500000000000000000e-01,9.198973774909973145e-01,3.921740651130676270e-01
3.400000000000000000e+01,8.500000000000000000e+00,5.000000000000000000e-01,7.067806124687194824e-01,7.074412703514099121e-01
3.500000000000000000e+01,8.750000000000000000e+00,7.500000000000000000e-01,3.930139243602752686e-01,9.195393919944763184e-01
3.600000000000000000e+01,9.000000000000000000e+00,0.000000000000000000e+00,4.940091748721897602e-04,1.000006318092346191e+00
3.700000000000000000e+01,9.250000000000000000e+00,2.500000000000000000e-01,3.921221792697906494e-01,9.199204444885253906e-01
3.800000000000000000e+01,9.500000000000000000e+00,5.000000000000000000e-01,7.074801325798034668e-01,7.067434787750244141e-01
3.900000000000000000e+01,9.750000000000000000e+00,7.500000000000000000e-01,9.195187687873840332e-01,3.930650651454925537e-01
4.000000000000000000e+01,1.000000000000000000e+01,0.000000000000000000e+00,1.000007390975952148e+00,5.502938292920589447e-04
4.100000000000000000e+01,1.025000000000000000e+01,2.500000000000000000e-01,9.199426770210266113e-01,3.920717537403106689e-01
4.200000000000000000e+01,1.050000000000000000e+01,5.000000000000000000e-01,7.067013382911682129e-01,7.075228691101074219e-01
4.300000000000000000e+01,1.075000000000000000e+01,7.500000000000000000e-01,3.931184411048889160e-01,9.194965362548828125e-01
4.400000000000000000e+01,1.100000000000000000e+01,0.000000000000000000e+00,6.090104579925537109e-04,1.000007987022399902e+00
4.500000000000000000e+01,1.125000000000000000e+01,2.500000000000000000e-01,3.920200467109680176e-01,9.199658632278442383e-01
4.600000000000000000e+01,1.150000000000000000e+01,5.000000000000000000e-01,7.075614929199218750e-01,7.066642642021179199e-01
4.700000000000000000e+01,1.175000000000000000e+01,7.500000000000000000e-01,9.194764494895935059e-01,3.931684494018554688e-01
4.800000000000000000e+01,1.200000000000000000e+01,0.000000000000000000e+00,1.000008821487426758e+00,6.630658754147589207e-04
4.900000000000000000e+01,1.225000000000000000e+01,2.500000000000000000e-01,9.199872016906738281e-01,3.919710516929626465e-01
5.000000000000000000e+01,1.250000000000000000e+01,5.000000000000000000e-01,7.066254615783691406e-01,7.076013088226318359e-01
5.100000000000000000e+01,1.275000000000000000e+01,7.500000000000000000e-01,3.932138383388519287e-01,9.194580912590026855e-01
5.200000000000000000e+01,1.300000000000000000e+01,0.000000000000000000e+00,7.142062531784176826e-04,1.000009775161743164e+00
5.300000000000000000e+01,1.325000000000000000e+01,2.500000000000000000e-01,3.919263780117034912e-01,9.200074672698974609e-01
5.400000000000000000e+01,1.350000000000000000e+01,5.000000000000000000e-01,7.076403498649597168e-01,7.065877914428710938e-01
5.500000000000000000e+01,1.375000000000000000e+01,7.500000000000000000e-01,9.194362163543701172e-01,3.932673335075378418e-01
5.600000000000000000e+01,1.400000000000000000e+01,0.000000000000000000e+00,1.000010609626770020e+00,7.718668784946203232e-04
5.700000000000000000e+01,1.425000000000000000e+01,2.500000000000000000e-01,9.200309514999389648e-01,3.918732106685638428e-01
5.800000000000000000e+01,1.450000000000000000e+01,5.000000000000000000e-01,7.065505385398864746e-01,7.076780796051025391e-01
5.900000000000000000e+01,1.475000000000000000e+01,7.500000000000000000e-01,3.933156132698059082e-01,9.194157719612121582e-01
6.000000000000000000e+01,1.500000000000000000e+01,0.000000000000000000e+00,8.261501789093017578e-04,1.000010967254638672e+00
6.100000000000000000e+01,1.525000000000000000e+01,2.500000000000000000e-01,3.918252885341644287e-01,9.200518131256103516e-01
6.200000000000000000e+01,1.550000000000000000e+01,5.000000000000000000e-01,7.077180147171020508e-01,7.065110802650451660e-01
6.300000000000000000e+01,1.575000000000000000e+01,7.500000000000000000e-01,9.193962812423706055e-01,3.933626711368560791e-01
6.400000000000000000e+01,1.600000000000000000e+01,0.000000000000000000e+00,1.000011801719665527e+00,8.782722288742661476e-04
6.500000000000000000e+01,1.625000000000000000e+01,2.500000000000000000e-01,9.200728535652160645e-01,3.917783796787261963e-01
6.600000000000000000e+01,1.650000000000000000e+01,5.000000000000000000e-01,7.064731717109680176e-01,7.077577114105224609e-01
6.700000000000000000e+01,1.675000000000000000e+01,7.500000000000000000e-01,3.934153318405151367e-01,9.193751215934753418e-01
6.800000000000000000e+01,1.700000000000000000e+01,0.000000000000000000e+00,9.357632370665669441e-04,1.000012636184692383e+00
6.900000000000000000e+01,1.725000000000000000e+01,2.500000000000000000e-01,3.917270004749298096e-01,9.200955629348754883e-01
7.000000000000000000e+01,1.750000000000000000e+01,5.000000000000000000e-01,7.077955603599548340e-01,7.064364552497863770e-01
7.100000000000000000e+01,1.775000000000000000e+01,7.500000000000000000e-01,9.193545579910278320e-01,3.934652209281921387e-01
7.200000000000000000e+01,1.800000000000000000e+01,0.000000000000000000e+00,1.000013351440429688e+00,9.902163874357938766e-04
7.300000000000000000e+01,1.825000000000000000e+01,2.500000000000000000e-01,9.201177358627319336e-01,3.916770815849304199e-01
7.400000000000000000e+01,1.850000000000000000e+01,5.000000000000000000e-01,7.063966989517211914e-01,7.078364491462707520e-01
7.500000000000000000e+01,1.875000000000000000e+01,7.500000000000000000e-01,3.935114145278930664e-01,9.193359613418579102e-01
7.600000000000000000e+01,1.900000000000000000e+01,0.000000000000000000e+00,1.041845767758786678e-03,1.000014662742614746e+00
7.700000000000000000e+01,1.925000000000000000e+01,2.500000000000000000e-01,3.916327655315399170e-01,9.201382398605346680e-01
7.800000000000000000e+01,1.950000000000000000e+01,5.000000000000000000e-01,7.078753113746643066e-01,7.063595056533813477e-01
7.900000000000000000e+01,1.975000000000000000e+01,7.500000000000000000e-01,9.193141460418701172e-01,3.935649693012237549e-01
8.000000000000000000e+01,2.000000000000000000e+01,0.000000000000000000e+00,1.000015497207641602e+00,1.099656336009502411e-03
8.100000000000000000e+01,2.025000000000000000e+01,2.500000000000000000e-01,9.201620221138000488e-01,3.915795981884002686e-01
8.200000000000000000e+01,2.050000000000000000e+01,5.000000000000000000e-01,7.063205242156982422e-01,7.079157233238220215e-01
8.300000000000000000e+01,2.075000000000000000e+01,7.500000000000000000e-01,3.936161100864410400e-01,9.192935228347778320e-01
8.400000000000000000e+01,2.100000000000000000e+01,0.000000000000000000e+00,1.157943042926490307e-03,1.000016450881958008e+00
8.500000000000000000e+01,2.125000000000000000e+01,2.500000000000000000e-01,3.915258646011352539e-01,9.201855659484863281e-01
8.600000000000000000e+01,2.150000000000000000e+01,5.000000000000000000e-01,7.079577445983886719e-01,7.062794566154479980e-01
8.700000000000000000e+01,2.175000000000000000e+01,7.500000000000000000e-01,9.192732572555541992e-01,3.936653733253479004e-01
8.800000000000000000e+01,2.200000000000000000e+01,0.000000000000000000e+00,1.000017166137695312e+00,1.213156152516603470e-03
8.900000000000000000e+01,2.225000000000000000e+01,2.500000000000000000e-01,9.202075600624084473e-01,3.914770185947418213e-01
9.000000000000000000e+01,2.250000000000000000e+01,5.000000000000000000e-01,7.062385678291320801e-01,7.080004215240478516e-01
9.100000000000000000e+01,2.275000000000000000e+01,7.500000000000000000e-01,3.937197029590606689e-01,9.192516803741455078e-01
9.200000000000000000e+01,2.300000000000000000e+01,0.000000000000000000e+00,1.269854954443871975e-03,1.000018477439880371e+00
9.300000000000000000e+01,2.325000000000000000e+01,2.500000000000000000e-01,3.914266824722290039e-01,9.202305078506469727e-01
9.400000000000000000e+01,2.350000000000000000e+01,5.000000000000000000e-01,7.080355882644653320e-01,7.062046527862548828e-01
9.500000000000000000e+01,2.375000000000000000e+01,7.500000000000000000e-01,9.192319512367248535e-01,3.937679827213287354e-01
9.600000000000000000e+01,2.400000000000000000e+01,0.000000000000000000e+00,1.000019431114196777e+00,1.322860713116824627e-03
9.700000000000000000e+01,2.425000000000000000e+01,2.500000000000000000e-01,9.202505946159362793e-01,3.913818895816802979e-01
9.800000000000000000e+01,2.450000000000000000e+01,5.000000000000000000e-01,7.061690688133239746e-01,7.080728411674499512e-01
9.900000000000000000e+01,2.475000000000000000e+01,7.500000000000000000e-01,3.938114643096923828e-01,9.192147254943847656e-01
1.000000000000000000e+02,2.500000000000000000e+01,0.000000000000000000e+00,1.371771097183227539e-03,1.000020742416381836e+00
1.010000000000000000e+02,2.525000000000000000e+01,2.500000000000000000e-01,3.913362920284271240e-01,9.202711582183837891e-01
1.020000000000000000e+02,2.550000000000000000e+01,5.000000000000000000e-01,7.081113457679748535e-01,7.061316967010498047e-01
1.030000000000000000e+02,2.575000000000000000e+01,7.500000000000000000e-01,9.191931486129760742e-01,3.938640058040618896e-01
1.040000000000000000e+02,2.600000000000000000e+01,0.000000000000000000e+00,1.000021696090698242e+00,1.431049196980893612e-03
1.050000000000000000e+02,2.625000000000000000e+01,2.500000000000000000e-01,9.202949404716491699e-01,3.912835121154785156e-01
1.060000000000000000e+02,2.650000000000000000e+01,5.000000000000000000e-01,7.060905694961547852e-01,7.081540226936340332e-01
1.070000000000000000e+02,2.675000000000000000e+01,7.500000000000000000e-01,3.939177095890045166e-01,9.191712141036987305e-01
1.080000000000000000e+02,2.700000000000000000e+01,0.000000000000000000e+00,1.488467329181730747e-03,1.000022411346435547e+00
1.090000000000000000e+02,2.725000000000000000e+01,2.500000000000000000e-01,3.912304639816284180e-01,9.203184843063354492e-01
1.100000000000000000e+02,2.750000000000000000e+01,5.000000000000000000e-01,7.081950306892395020e-01,7.060512304306030273e-01
1.110000000000000000e+02,2.775000000000000000e+01,7.500000000000000000e-01,9.191523790359497070e-01,3.939647972583770752e-01
1.120000000000000000e+02,2.800000000000000000e+01,0.000000000000000000e+00,1.000023603439331055e+00,1.543301739729940891e-03
1.130000000000000000e+02,2.825000000000000000e+01,2.500000000000000000e-01,9.203400015830993652e-01,3.911829888820648193e-01
1.140000000000000000e+02,2.850000000000000000e+01,5.000000000000000000e-01,7.060091495513916016e-01,7.082384228706359863e-01
1.150000000000000000e+02,2.875000000000000000e+01,7.500000000000000000e-01,3.940217792987823486e-01,9.191291928291320801e-01
1.160000000000000000e+02,2.900000000000000000e+01,0.000000000000000000e+00,1.600848394446074963e-03,1.000024676322937012e+00
1.170000000000000000e+02,2.925000000000000000e+01,2.500000000000000000e-01,3.911290466785430908e-01,9.203643798828125000e-01
1.180000000000000000e+02,2.950000000000000000e+01,5.000000000000000000e-01,7.082744836807250977e-01,7.059749960899353027e-01
1.190000000000000000e+02,2.975000000000000000e+01,7.500000000000000000e-01,9.191106557846069336e-01,3.940682411193847656e-01
1.200000000000000000e+02,3.000000000000000000e+01,0.000000000000000000e+00,1.000025987625122070e+00,1.654838211834430695e-03
1.210000000000000000e+02,3.025000000000000000e+01,2.500000000000000000e-01,9.203841686248779297e-01,3.910857737064361572e-01
1.220000000000000000e+02,3.050000000000000000e+01,5.000000000000000000e-01,7.059388160705566406e-01,7.083125114440917969e-01
1.230000000000000000e+02,3.075000000000000000e+01,7.500000000000000000e-01,3.941146731376647949e-01,9.190925955772399902e-01
1.240000000000000000e+02,3.100000000000000000e+01,0.000000000000000000e+00,1.703628106042742729e-03,1.000027418136596680e+00
1.250000000000000000e+02,3.125000000000000000e+01,2.500000000000000000e-01,3.910401761531829834e-01,9.204052090644836426e-01
1.260000000000000000e+02,3.150000000000000000e+01,5.000000000000000000e-01,7.083498835563659668e-01,7.059031128883361816e-01
1.270000000000000000e+02,3.175000000000000000e+01,7.500000000000000000e-01,9.190727472305297852e-01,3.941634595394134521e-01
1.280000000000000000e+02,3.200000000000000000e+01,0.000000000000000000e+00,1.000028371810913086e+00,1.761138322763144970e-03
1.290000000000000000e+02,3.225000000000000000e+01,2.500000000000000000e-01,9.204279780387878418e-01,3.909893333911895752e-01
1.300000000000000000e+02,3.250000000000000000e+01,5.000000000000000000e-01,7.058618068695068359e-01,7.083926200866699219e-01
1.310000000000000000e+02,3.275000000000000000e+01,7.500000000000000000e-01,3.942196965217590332e-01,9.190500378608703613e-01
1.320000000000000000e+02,3.300000000000000000e+01,0.000000000000000000e+00,1.819001627154648304e-03,1.000029325485229492e+00
1.330000000000000000e+02,3.325000000000000000e+01,2.500000000000000000e-01,3.909341990947723389e-01,9.204527735710144043e-01
1.340000000000000000e+02,3.350000000000000000e+01,5.000000000000000000e-01,7.084330916404724121e-01,7.058233022689819336e-01
1.350000000000000000e+02,3.375000000000000000e+01,7.500000000000000000e-01,9.190322756767272949e-01,3.942643702030181885e-01
1.360000000000000000e+02,3.400000000000000000e+01,0.000000000000000000e+00,1.000030994415283203e+00,1.872839871793985367e-03
1.370000000000000000e+02,3.425000000000000000e+01,2.500000000000000000e-01,9.204730391502380371e-01,3.908900022506713867e-01
1.380000000000000000e+02,3.450000000000000000e+01,5.000000000000000000e-01,7.057820558547973633e-01,7.084761261940002441e-01
1.390000000000000000e+02,3.475000000000000000e+01,7.500000000000000000e-01,3.943217694759368896e-01,9.190093874931335449e-01
1.400000000000000000e+02,3.500000000000000000e+01,0.000000000000000000e+00,1.929438672959804535e-03,1.000032186508178711e+00
1.410000000000000000e+02,3.525000000000000000e+01,2.500000000000000000e-01,3.908352553844451904e-01,9.204980731010437012e-01
1.420000000000000000e+02,3.550000000000000000e+01,5.000000000000000000e-01,7.085118889808654785e-01,7.057485580444335938e-01
1.430000000000000000e+02,3.575000000000000000e+01,7.500000000000000000e-01,9.189920425415039062e-01,3.943656682968139648e-01
1.440000000000000000e+02,3.600000000000000000e+01,0.000000000000000000e+00,1.000033497810363770e+00,1.982094720005989075e-03
1.450000000000000000e+02,3.625000000000000000e+01,2.500000000000000000e-01,9.205167293548583984e-01,3.907946050167083740e-01
1.460000000000000000e+02,3.650000000000000000e+01,5.000000000000000000e-01,7.057125568389892578e-01,7.085491418838500977e-01
1.470000000000000000e+02,3.675000000000000000e+01,7.500000000000000000e-01,3.944135606288909912e-01,9.189729690551757812e-01
1.480000000000000000e+02,3.700000000000000000e+01,0.000000000000000000e+00,2.030750270932912827e-03,1.000034570693969727e+00
1.490000000000000000e+02,3.725000000000000000e+01,2.500000000000000000e-01,3.907471597194671631e-01,9.205379486083984375e-01
1.500000000000000000e+02,3.750000000000000000e+01,5.000000000000000000e-01,7.085862159729003906e-01,7.056769728660583496e-01
1.510000000000000000e+02,3.775000000000000000e+01,7.500000000000000000e-01,9.189548492431640625e-01,3.944580852985382080e-01
1.520000000000000000e+02,3.800000000000000000e+01,0.000000000000000000e+00,1.000035643577575684e+00,2.085271524265408516e-03
1.530000000000000000e+02,3.825000000000000000e+01,2.500000000000000000e-01,9.205586314201354980e-01,3.907014131546020508e-01
1.540000000000000000e+02,3.850000000000000000e+01,5.000000000000000000e-01,7.056381702423095703e-01,7.086262106895446777e-01
1.550000000000000000e+02,3.875000000000000000e+01,7.500000000000000000e-01,3.945152461528778076e-01,9.189315438270568848e-01
1.560000000000000000e+02,3.900000000000000000e+01,0.000000000000000000e+00,2.142005600035190582e-03,1.000036478042602539e+00
1.570000000000000000e+02,3.925000000000000000e+01,2.500000000000000000e-01,3.906444311141967773e-01,9.205841422080993652e-01
1.580000000000000000e+02,3.950000000000000000e+01,5.000000000000000000e-01,7.086664438247680664e-01,7.055996060371398926e-01
1.590000000000000000e+02,3.975000000000000000e+01,7.500000000000000000e-01,9.189148545265197754e-01,3.945577740669250488e-01
1.600000000000000000e+02,4.000000000000000000e+01,0.000000000000000000e+00,1.000037670135498047e+00,2.194439526647329330e-03
1.610000000000000000e+02,4.025000000000000000e+01,2.500000000000000000e-01,9.206026792526245117e-01,3.906030952930450439e-01
1.620000000000000000e+02,4.050000000000000000e+01,5.000000000000000000e-01,7.055596113204956055e-01,7.087079882621765137e-01
1.630000000000000000e+02,4.075000000000000000e+01,7.500000000000000000e-01,3.946153223514556885e-01,9.188909530639648438e-01
1.640000000000000000e+02,4.100000000000000000e+01,0.000000000000000000e+00,2.254591556265950203e-03,1.000038623809814453e+00
1.650000000000000000e+02,4.125000000000000000e+01,2.500000000000000000e-01,3.905446231365203857e-01,9.206289052963256836e-01
1.660000000000000000e+02,4.150000000000000000e+01,5.000000000000000000e-01,7.087495923042297363e-01,7.055191397666931152e-01
1.670000000000000000e+02,4.175000000000000000e+01,7.500000000000000000e-01,9.188700318336486816e-01,3.946665823459625244e-01
1.680000000000000000e+02,4.200000000000000000e+01,0.000000000000000000e+00,1.000039100646972656e+00,2.315613441169261932e-03
1.690000000000000000e+02,4.225000000000000000e+01,2.500000000000000000e-01,9.206517934799194336e-01,3.904917538166046143e-01
1.700000000000000000e+02,4.250000000000000000e+01,5.000000000000000000e-01,7.054805159568786621e-01,7.087891101837158203e-01
1.710000000000000000e+02,4.275000000000000000e+01,7.500000000000000000e-01,3.947156071662902832e-01,9.188498854637145996e-01
1.720000000000000000e+02,4.300000000000000000e+01,0.000000000000000000e+00,2.363130217418074608e-03,1.000039935111999512e+00
1.730000000000000000e+02,4.325000000000000000e+01,2.500000000000000000e-01,3.904445767402648926e-01,9.206730723381042480e-01
1.740000000000000000e+02,4.350000000000000000e+01,5.000000000000000000e-01,7.088276743888854980e-01,7.054432034492492676e-01
1.750000000000000000e+02,4.375000000000000000e+01,7.500000000000000000e-01,9.188282489776611328e-01,3.947689831256866455e-01
1.760000000000000000e+02,4.400000000000000000e+01,0.000000000000000000e+00,1.000041127204895020e+00,2.426751889288425446e-03
1.770000000000000000e+02,4.425000000000000000e+01,2.500000000000000000e-01,9.206955432891845703e-01,3.903949558734893799e-01
1.780000000000000000e+02,4.450000000000000000e+01,5.000000000000000000e-01,7.053996324539184570e-01,7.088730335235595703e-01
1.790000000000000000e+02,4.475000000000000000e+01,7.500000000000000000e-01,3.948308825492858887e-01,9.188029170036315918e-01
1.800000000000000000e+02,4.500000000000000000e+01,0.000000000000000000e+00,2.486908575519919395e-03,1.000042200088500977e+00
1.810000000000000000e+02,4.525000000000000000e+01,2.500000000000000000e-01,3.903381526470184326e-01,9.207207560539245605e-01
1.820000000000000000e+02,4.550000000000000000e+01,5.000000000000000000e-01,7.089122533798217773e-01,7.053613662719726562e-01
1.830000000000000000e+02,4.575000000000000000e+01,7.500000000000000000e-01,9.187894463539123535e-01,3.948656022548675537e-01
1.840000000000000000e+02,4.600000000000000000e+01,0.000000000000000000e+00,1.000043153762817383e+00,2.531015081331133842e-03
1.850000000000000000e+02,4.625000000000000000e+01,2.500000000000000000e-01,9.207360744476318359e-01,3.903047740459442139e-01
1.860000000000000000e+02,4.650000000000000000e+01,5.000000000000000000e-01,7.053353190422058105e-01,7.089397907257080078e-01
1.870000000000000000e+02,4.675000000000000000e+01,7.500000000000000000e-01,3.949072360992431641e-01,9.187722206115722656e-01
1.880000000000000000e+02,4.700000000000000000e+01,0.000000000000000000e+00,2.573699224740266800e-03,1.000043749809265137e+00
1.890000000000000000e+02,4.725000000000000000e+01,2.500000000000000000e-01,3.902605772018432617e-01,9.207556843757629395e-01
1.900000000000000000e+02,4.750000000000000000e+01,5.000000000000000000e-01,7.089754939079284668e-01,7.053002715110778809e-01
1.910000000000000000e+02,4.775000000000000000e+01,7.500000000000000000e-01,9.187519550323486328e-01,3.949568271636962891e-01
1.920000000000000000e+02,4.800000000000000000e+01,0.000000000000000000e+00,1.000044703483581543e+00,2.630894538015127182e-03
1.930000000000000000e+02,4.825000000000000000e+01,2.500000000000000000e-01,9.207772612571716309e-01,3.902122974395751953e-01
1.940000000000000000e+02,4.850000000000000000e+01,5.000000000000000000e-01,7.052567005157470703e-01,7.090205550193786621e-01
1.950000000000000000e+02,4.875000000000000000e+01,7.500000000000000000e-01,3.950120210647583008e-01,9.187292456626892090e-01
1.960000000000000000e+02,4.900000000000000000e+01,0.000000000000000000e+00,2.689025597646832466e-03,1.000045299530029297e+00
1.970000000000000000e+02,4.925000000000000000e+01,2.500000000000000000e-01,3.901578485965728760e-01,9.208012223243713379e-01
1.980000000000000000e+02,4.950000000000000000e+01,5.000000000000000000e-01,7.090644836425781250e-01,7.052137851715087891e-01
1.990000000000000000e+02,4.975000000000000000e+01,7.500000000000000000e-01,9.187107682228088379e-01,3.950578272342681885e-01
2.000000000000000000e+02,5.000000000000000000e+01,0.000000000000000000e+00,1.000046253204345703e+00,2.741829026490449905e-03
2.010000000000000000e+02,5.025000000000000000e+01,2.500000000000000000e-01,9.208214282989501953e-01,3.901128470897674561e-01
2.020000000000000000e+02,5.050000000000000000e+01,5.000000000000000000e-01,7.051879167556762695e-01,7.090917825698852539e-01
2.030000000000000000e+02,5.075000000000000000e+01,7.500000000000000000e-01,3.950982093811035156e-01,9.186944961547851562e-01
2.040000000000000000e+02,5.100000000000000000e+01,0.000000000000000000e+00,2.785178367048501968e-03,1.000047087669372559e+00
2.050000000000000000e+02,5.125000000000000000e+01,2.500000000000000000e-01,3.900709450244903564e-01,9.208403229713439941e-01
2.060000000000000000e+02,5.150000000000000000e+01,5.000000000000000000e-01,7.091228961944580078e-01,7.051578760147094727e-01
2.070000000000000000e+02,5.175000000000000000e+01,7.500000000000000000e-01,9.186767339706420898e-01,3.951417207717895508e-01
2.080000000000000000e+02,5.200000000000000000e+01,0.000000000000000000e+00,1.000047922134399414e+00,2.837089821696281433e-03
2.090000000000000000e+02,5.225000000000000000e+01,2.500000000000000000e-01,9.208597540855407715e-01,3.900267481803894043e-01
2.100000000000000000e+02,5.250000000000000000e+01,5.000000000000000000e-01,7.051092386245727539e-01,7.091723084449768066e-01
2.110000000000000000e+02,5.275000000000000000e+01,7.500000000000000000e-01,3.952043354511260986e-01,9.186504483222961426e-01
2.120000000000000000e+02,5.300000000000000000e+01,0.000000000000000000e+00,2.904020482674241066e-03,1.000048279762268066e+00
2.130000000000000000e+02,5.325000000000000000e+01,2.500000000000000000e-01,3.899635374546051025e-01,9.208874702453613281e-01
2.140000000000000000e+02,5.350000000000000000e+01,5.000000000000000000e-01,7.092160582542419434e-01,7.050660848617553711e-01
2.150000000000000000e+02,5.375000000000000000e+01,7.500000000000000000e-01,9.186280369758605957e-01,3.952580392360687256e-01
2.160000000000000000e+02,5.400000000000000000e+01,0.000000000000000000e+00,1.000048875808715820e+00,2.963589970022439957e-03
2.170000000000000000e+02,5.425000000000000000e+01,2.500000000000000000e-01,9.209095239639282227e-01,3.899133503437042236e-01
2.180000000000000000e+02,5.450000000000000000e+01,5.000000000000000000e-01,7.050316929817199707e-01,7.092520594596862793e-01
2.190000000000000000e+02,5.475000000000000000e+01,7.500000000000000000e-01,3.952999413013458252e-01,9.186112880706787109e-01
2.200000000000000000e+02,5.500000000000000000e+01,0.000000000000000000e+00,3.007382620126008987e-03,1.000049829483032227e+00
2.210000000000000000e+02,5.525000000000000000e+01,2.500000000000000000e-01,3.898697197437286377e-01,9.209290146827697754e-01
2.220000000000000000e+02,5.550000000000000000e+01,5.000000000000000000e-01,7.092852592468261719e-01,7.049993276596069336e-01
2.230000000000000000e+02,5.575000000000000000e+01,7.500000000000000000e-01,9.185914993286132812e-01,3.953483998775482178e-01
2.240000000000000000e+02,5.600000000000000000e+01,0.000000000000000000e+00,1.000051021575927734e+00,3.062391187995672226e-03
2.250000000000000000e+02,5.625000000000000000e+01,2.500000000000000000e-01,9.209494590759277344e-01,3.898253738880157471e-01
2.260000000000000000e+02,5.650000000000000000e+01,5.000000000000000000e-01,7.049566507339477539e-01,7.093297243118286133e-01
2.270000000000000000e+02,5.675000000000000000e+01,7.500000000000000000e-01,3.954084813594818115e-01,9.185670614242553711e-01
2.280000000000000000e+02,5.700000000000000000e+01,0.000000000000000000e+00,3.122780937701463699e-03,1.000051498413085938e+00
2.290000000000000000e+02,5.725000000000000000e+01,2.500000000000000000e-01,3.897678256034851074e-01,9.209745526313781738e-01
2.300000000000000000e+02,5.750000000000000000e+01,5.000000000000000000e-01,7.093692421913146973e-01,7.049182653427124023e-01
2.310000000000000000e+02,5.775000000000000000e+01,7.500000000000000000e-01,9.185533523559570312e-01,3.954435586929321289e-01
2.320000000000000000e+02,5.800000000000000000e+01,0.000000000000000000e+00,1.000053286552429199e+00,3.167863469570875168e-03
2.330000000000000000e+02,5.825000000000000000e+01,2.500000000000000000e-01,9.209908843040466309e-01,3.897339701652526855e-01
2.340000000000000000e+02,5.850000000000000000e+01,5.000000000000000000e-01,7.048891782760620117e-01,7.094001770019531250e-01
2.350000000000000000e+02,5.875000000000000000e+01,7.500000000000000000e-01,3.954890966415405273e-01,9.185351133346557617e-01
2.360000000000000000e+02,5.900000000000000000e+01,0.000000000000000000e+00,3.214449156075716019e-03,1.000054240226745605e+00
2.370000000000000000e+02,5.925000000000000000e+01,2.500000000000000000e-01,3.896869421005249023e-01,9.210119843482971191e-01
2.380000000000000000e+02,5.950000000000000000e+01,5.000000000000000000e-01,7.094363570213317871e-01,7.048543095588684082e-01
2.390000000000000000e+02,5.975000000000000000e+01,7.500000000000000000e-01,9.185135960578918457e-01,3.955408334732055664e-01
2.400000000000000000e+02,6.000000000000000000e+01,0.000000000000000000e+00,1.000054717063903809e+00,3.275732509791851044e-03
