omega_tilde_over_omega,normalized_amplitude
0.000000000000000000e+00,5.870529670019160578e-04
2.499218994064355062e-02,2.686497522657626310e-04
4.998437988128710124e-02,3.380264267798824631e-05
7.497656982193064146e-02,4.899922864391349780e-05
9.996875976257420249e-02,6.623755651149064081e-05
1.249609497032177496e-01,9.241575979607862142e-05
1.499531396438612829e-01,1.202436640140459715e-04
1.749453295845048439e-01,1.627184624381455933e-04
1.999375195251484050e-01,2.159770943735267977e-04
2.249297094657919382e-01,3.009882082223884134e-04
2.499218994064354993e-01,4.212166501491268369e-04
2.749140893470790048e-01,6.219789487796942686e-04
2.999062792877225658e-01,9.692256021353582753e-04
3.248984692283661269e-01,1.633376668463371864e-03
3.498906591690096879e-01,3.098333187503934678e-03
3.748828491096532489e-01,7.133103873440554271e-03
3.998750390502968100e-01,2.386889457587357613e-02
4.248672289909403155e-01,2.922759739813374780e-01
4.498594189315838765e-01,9.008961889135431722e-01
4.748516088722274375e-01,6.591505394898460324e-01
4.998437988128709986e-01,8.937283473020339597e-02
5.248359887535145596e-01,7.190869774024223338e-01
5.498281786941580096e-01,1.000000000000000000e+00
5.748203686348016817e-01,3.317404482620891493e-01
5.998125585754451317e-01,2.590424290847543470e-02
6.248047485160886927e-01,7.681776414378229181e-03
6.497969384567322537e-01,3.324749781925018331e-03
6.747891283973758147e-01,1.750132237155953459e-03
6.997813183380193758e-01,1.039097155701695354e-03
7.247735082786629368e-01,6.697943763949480104e-04
7.497656982193064978e-01,4.579596181707432968e-04
7.747578881599500589e-01,3.298335607396876180e-04
7.997500781005936199e-01,2.434088116232805982e-04
8.247422680412371809e-01,1.873717579942668599e-04
8.497344579818806309e-01,1.460713027011581434e-04
8.747266479225241920e-01,1.169507302457904692e-04
8.997188378631677530e-01,9.449203589764751453e-05
9.247110278038112030e-01,7.883494418199818150e-05
9.497032177444548751e-01,6.569795097572095875e-05
9.746954076850984361e-01,5.284526313984667695e-05
9.996875976257419971e-01,5.160394363174173601e-05
1.024679787566385558e+00,3.817379006871978603e-05
1.049671977507029119e+00,3.617690295188421624e-05
1.074664167447672680e+00,3.235123165904749750e-05
1.099656357388316019e+00,2.908998049529453307e-05
1.124648547328959802e+00,2.618052321943316243e-05
1.149640737269603363e+00,2.625000335606035123e-05
1.174632927210246702e+00,2.591384618988939954e-05
1.199625117150890263e+00,2.886093512694667688e-05
1.224617307091534046e+00,3.292218596393597615e-05
1.249609497032177385e+00,4.292522806482043315e-05
1.274601686972820946e+00,5.807461600738097568e-05
1.299593876913464507e+00,8.631239175606844518e-05
1.324586066854108068e+00,1.428851829549865403e-04
1.349578256794751629e+00,2.666750337313518221e-04
1.374570446735395191e+00,6.088809599673757848e-04
1.399562636676038752e+00,2.026584013720529598e-03
1.424554826616682313e+00,2.387393228829757033e-02
1.449547016557325874e+00,7.537987547668068000e-02
1.474539206497969435e+00,5.592898398513202612e-02
1.499531396438612996e+00,7.935601721249066140e-03
1.524523586379256557e+00,5.840122903927366660e-02
1.549515776319900118e+00,8.285700123684569540e-02
1.574507966260543457e+00,2.806471129973226591e-02
1.599500156201187240e+00,2.082839264014317310e-03
1.624492346141830801e+00,6.112253034160675157e-04
1.649484536082474362e+00,2.631621282844336389e-04
1.674476726023117923e+00,1.379602767682196304e-04
1.699468915963761262e+00,8.238269958357588216e-05
1.724461105904404823e+00,5.311750506072584647e-05
1.749453295845048384e+00,3.614622304956170620e-05
1.774445485785691945e+00,2.596913125286906890e-05
1.799437675726335506e+00,1.935842979105784238e-05
1.824429865666979289e+00,1.471279017967470413e-05
1.849422055607622406e+00,1.141706889852703827e-05
1.874414245548265967e+00,8.997530802715680549e-06
1.899406435488909750e+00,7.182638490252186407e-06
1.924398625429553311e+00,5.839054536487112516e-06
1.949390815370196872e+00,4.784137106178103283e-06
1.974383005310840433e+00,3.510664524088520625e-06
1.999375195251483994e+00,3.997711288253614517e-06
2.024367385192127333e+00,2.692244559817743176e-06
2.049359575132771116e+00,3.402231493073211607e-06
2.074351765073414455e+00,3.569384886796557082e-06
2.099343955014058238e+00,4.167528748802999100e-06
2.124336144954701577e+00,6.015988005386805307e-06
2.149328334895345360e+00,6.774882470876902155e-06
2.174320524835988699e+00,9.614934065971108299e-06
2.199312714776632038e+00,1.254289633170310356e-05
2.224304904717275821e+00,1.718559924739367271e-05
2.249297094657919605e+00,2.388301949625140983e-05
2.274289284598562944e+00,3.538900203760875918e-05
2.299281474539206727e+00,5.516480057613511141e-05
2.324273664479850066e+00,9.238636285353204439e-05
2.349265854420493405e+00,1.754559613149453239e-04
2.374258044361137188e+00,4.035724457207197097e-04
2.399250234301780527e+00,1.339588978255739716e-03
2.424242424242424310e+00,1.518876529765397429e-02
2.449234614183068093e+00,4.908795508317019551e-02
2.474226804123711432e+00,3.703585088127421543e-02
2.499218994064354771e+00,5.662503232474250074e-03
2.524211184004998554e+00,4.546631541598033371e-02
2.549203373945641893e+00,6.562001803095439401e-02
2.574195563886285676e+00,2.271830736892271538e-02
2.599187753826929015e+00,1.602803529887827710e-03
2.624179943767572798e+00,4.655593594477972570e-04
2.649172133708216137e+00,1.988794696990158514e-04
2.674164323648859476e+00,1.037603267089518802e-04
2.699156513589503259e+00,6.085444137882310218e-05
2.724148703530147042e+00,3.915964020847208747e-05
2.749140893470790381e+00,2.645434076692101280e-05
2.774133083411434164e+00,1.875016580266154279e-05
2.799125273352077503e+00,1.382920205346539740e-05
2.824117463292720842e+00,1.039663333354230630e-05
2.849109653233364625e+00,7.715215237623973123e-06
2.874101843174007964e+00,6.481525614046401804e-06
2.899094033114651747e+00,4.547844585004817236e-06
2.924086223055295530e+00,3.739089557762831136e-06
2.949078412995938869e+00,2.804602501730325651e-06
2.974070602936582208e+00,2.555375420709942688e-06
2.999062792877225991e+00,1.102918817687407499e-06
3.024054982817869330e+00,1.860426272520214198e-06
3.049047172758513113e+00,1.240144266269079977e-06
3.074039362699156452e+00,1.860873200316710093e-06
3.099031552639800235e+00,2.511174040164315548e-06
3.124023742580443574e+00,3.300323876641828396e-06
3.149015932521086913e+00,4.666878225458694014e-06
3.174008122461731141e+00,6.134907278890631269e-06
3.199000312402374480e+00,8.193826348507217389e-06
3.223992502343017374e+00,1.152846106572702906e-05
3.248984692283661602e+00,1.609015337796600834e-05
3.273976882224304941e+00,2.410797516448891795e-05
3.298969072164948724e+00,3.740513334889643764e-05
3.323961262105592063e+00,6.257911304319070547e-05
3.348953452046235846e+00,1.186622663182041262e-04
3.373945641986879185e+00,2.722830381236655286e-04
3.398937831927522524e+00,8.975251330292382699e-04
3.423930021868166307e+00,9.795836762773518433e-03
3.448922211808809646e+00,3.240853834496737473e-02
3.473914401749453429e+00,2.486513816363286264e-02
3.498906591690096768e+00,4.094520343619345581e-03
3.523898781630740107e+00,3.595959782164545593e-02
3.548890971571383890e+00,5.279501645323186193e-02
3.573883161512027229e+00,1.868034784802154180e-02
3.598875351452671012e+00,1.250385704736280742e-03
3.623867541393314351e+00,3.604053998982257559e-04
3.648859731333958578e+00,1.533029558817103094e-04
3.673851921274601473e+00,7.957364924100963259e-05
3.698844111215244812e+00,4.682481401978204550e-05
3.723836301155889039e+00,2.990995652699749224e-05
3.748828491096531934e+00,2.022576799965923307e-05
3.773820681037176161e+00,1.437499945680036498e-05
3.798812870977819500e+00,1.061075082974255858e-05
3.823805060918463283e+00,8.079834205228110641e-06
3.848797250859106622e+00,6.015158442499765788e-06
3.873789440799749961e+00,5.229808419470372257e-06
3.898781630740393744e+00,3.601377608018292131e-06
3.923773820681037083e+00,3.174175567794399615e-06
3.948766010621680866e+00,2.316175259445116753e-06
3.973758200562324205e+00,2.816632230361965639e-06
3.998750390502967988e+00,1.830231611271064167e-06
4.023742580443611772e+00,2.035216982766241668e-06
4.048734770384254666e+00,8.862532504110181008e-07
4.073726960324898450e+00,2.638184588515601340e-07
4.098719150265542233e+00,4.998664932917541186e-07
4.123711340206186016e+00,9.446374798984337990e-07
4.148703530146828911e+00,5.608090073236003099e-07
4.173695720087472694e+00,1.424467433663200753e-06
4.198687910028116477e+00,1.962999601065209490e-06
4.223680099968759372e+00,3.009941299073623858e-06
4.248672289909403155e+00,4.207229337124525852e-06
4.273664479850046938e+00,6.488393454564913136e-06
4.298656669790690721e+00,9.956793157885591330e-06
4.323648859731333616e+00,1.657778782399849630e-05
4.348641049671977399e+00,3.083052790631250355e-05
4.373633239612621182e+00,6.949478154182227568e-05
4.398625429553264077e+00,2.257850989990269606e-04
4.423617619493908748e+00,2.373325552444313299e-03
4.448609809434551643e+00,8.046797274139101674e-03
4.473601999375195426e+00,6.272366525962135529e-03
4.498594189315839209e+00,1.505477570911432136e-03
4.523586379256482104e+00,1.728513419493113781e-02
4.548578569197125887e+00,2.580788810966280072e-02
4.573570759137769670e+00,9.332293258388415017e-03
4.598562949078413453e+00,5.912366648427585126e-04
4.623555139019056348e+00,1.691483701090883292e-04
4.648547328959700131e+00,7.173129012291735703e-05
4.673539518900343914e+00,3.711553852938837320e-05
4.698531708840986809e+00,2.192962266539279418e-05
4.723523898781630592e+00,1.402634403889042533e-05
4.748516088722274375e+00,9.552695318688086572e-06
4.773508278662918158e+00,6.886916660505554107e-06
4.798500468603561053e+00,5.171880123628678424e-06
4.823492658544204836e+00,4.141496305534621478e-06
4.848484848484848619e+00,3.113459631881659779e-06
4.873477038425491514e+00,3.157139998893779272e-06
4.898469228366136186e+00,2.083420929615464554e-06
4.923461418306779080e+00,2.359143112597548392e-06
4.948453608247422864e+00,1.829230999759365355e-06
4.973445798188066647e+00,2.829702582804075284e-06
4.998437988128709542e+00,3.442964171731458322e-06
5.023430178069353325e+00,2.330305780147812495e-06
5.048422368009997108e+00,2.620460392224138093e-06
5.073414557950640891e+00,2.587620105933293502e-06
5.098406747891283786e+00,3.434297552053924978e-06
5.123398937831927569e+00,3.239719742800274524e-06
5.148391127772571352e+00,4.817466486517353976e-06
5.173383317713214247e+00,5.663283719229326094e-06
5.198375507653858030e+00,7.408106244912825015e-06
5.223367697594501813e+00,1.001786750970502451e-05
5.248359887535145596e+00,1.380675215986917639e-05
5.273352077475788491e+00,2.032071082416124245e-05
5.298344267416432274e+00,3.162996576843479969e-05
5.323336457357076057e+00,5.304737052414650950e-05
5.348328647297718952e+00,1.006388555892953157e-04
5.373320837238363623e+00,2.302785532422165177e-04
5.398313027179006518e+00,7.505795277677228868e-04
5.423305217119650301e+00,7.618534004186571819e-03
5.448297407060294084e+00,2.640866099018313734e-02
5.473289597000936979e+00,2.097909054566672940e-02
5.498281786941580762e+00,2.808504598077820203e-03
5.523273976882224545e+00,1.371797840187184009e-02
5.548266166822868328e+00,2.087536490823069940e-02
5.573258356763511223e+00,7.702870200631110366e-03
5.598250546704155006e+00,4.590348346000892713e-04
5.623242736644798789e+00,1.311621064889000705e-04
5.648234926585441684e+00,5.603064646498023160e-05
5.673227116526085467e+00,2.942698088030378133e-05
5.698219306466729250e+00,1.738164310871830241e-05
5.723211496407373033e+00,1.108266842719213304e-05
5.748203686348015928e+00,7.420301684849794797e-06
5.773195876288659711e+00,5.026296337221481543e-06
5.798188066229303494e+00,3.460280763243266514e-06
5.823180256169946389e+00,2.321028042201569453e-06
5.848172446110591061e+00,1.487131790857310247e-06
5.873164636051233956e+00,6.197871338433865721e-07
5.898156825991877739e+00,4.675879811719643660e-07
5.923149015932521522e+00,1.089778932408007670e-06
5.948141205873164417e+00,1.152854694752132419e-06
5.973133395813808200e+00,1.932301800622771104e-06
5.998125585754451983e+00,4.006836770412717320e-06
6.023117775695095766e+00,2.488761211014864374e-06
6.048109965635738661e+00,4.220770271705370650e-06
6.073102155576382444e+00,4.872393536971071167e-06
6.098094345517026227e+00,6.234557595613843938e-06
6.123086535457669122e+00,7.729182351037805279e-06
6.148078725398312905e+00,9.857909335138304992e-06
6.173070915338956688e+00,1.291323033046597654e-05
6.198063105279600471e+00,1.706319507649376249e-05
6.223055295220243366e+00,2.315901863392199434e-05
6.248047485160887149e+00,3.238293902337244229e-05
6.273039675101530932e+00,4.776192591830373188e-05
6.298031865042173827e+00,7.439244248897609901e-05
6.323024054982818498e+00,1.251766061288203755e-04
6.348016244923462281e+00,2.369993344570148978e-04
6.373008434864104288e+00,5.406563920213959583e-04
6.398000624804748959e+00,1.750484433473547922e-03
6.422992814745392742e+00,1.719150794535420981e-02
6.447985004686034749e+00,6.106377218568997262e-02
6.472977194626679420e+00,4.931717239846949291e-02
6.497969384567323203e+00,7.267252148238502289e-03
6.522961574507966986e+00,4.962716609722222366e-02
6.547953764448609881e+00,7.679775260714769014e-02
6.572945954389253664e+00,2.895407171593671058e-02
6.597938144329897447e+00,1.618639588040033392e-03
6.622930334270540342e+00,4.567799478368039833e-04
6.647922524211184125e+00,1.931684108619613602e-04
6.672914714151827908e+00,1.003281560208802895e-04
6.697906904092471692e+00,5.900680212230818069e-05
6.722899094033114586e+00,3.769449306952609455e-05
6.747891283973758370e+00,2.541493006336478138e-05
6.772883473914402153e+00,1.787460229032562358e-05
6.797875663855045048e+00,1.300371770309919694e-05
6.822867853795688831e+00,9.562895904959108878e-06
6.847860043736332614e+00,6.939641245895598453e-06
6.872852233676976397e+00,5.234033390181581404e-06
6.897844423617619292e+00,3.657051847282293235e-06
6.922836613558263075e+00,2.549924420390531739e-06
6.947828803498906858e+00,1.744531883430002542e-06
6.972820993439549753e+00,1.094484868388966444e-06
6.997813183380193536e+00,2.226868991562155095e-06
7.022805373320837319e+00,2.339546247182736294e-06
7.047797563261480214e+00,3.771322634598053909e-06
7.072789753202123997e+00,4.988454755479167446e-06
7.097781943142767780e+00,6.425452362314578216e-06
7.122774133083411563e+00,8.896133319668544996e-06
7.147766323024054458e+00,1.111293488225912776e-05
7.172758512964698241e+00,1.496217227487936132e-05
7.197750702905342024e+00,2.003388137113900152e-05
7.222742892845984919e+00,2.739385775887335944e-05
7.247735082786628702e+00,3.862278296137610983e-05
7.272727272727272485e+00,5.713599970846673973e-05
7.297719462667917156e+00,8.909501102951788867e-05
7.322711652608559163e+00,1.500186424902182536e-04
7.347703842549202946e+00,2.837761532130644838e-04
7.372696032489847617e+00,6.454252810369024438e-04
7.397688222430489624e+00,2.077499830195932411e-03
7.422680412371133407e+00,1.975657303743541537e-02
7.447672602311778078e+00,7.192036009717098222e-02
7.472664792252421861e+00,5.906516410818705987e-02
7.497656982193063868e+00,9.117623445191701259e-03
7.522649172133708539e+00,6.863673598975075785e-02
7.547641362074352323e+00,1.080706451843056193e-01
7.572633552014994329e+00,4.160758205328564385e-02
7.597625741955639000e+00,2.171513538375850327e-03
7.622617931896282784e+00,6.078395214457554905e-04
7.647610121836926567e+00,2.560798484149441330e-04
7.672602311777569462e+00,1.326987047744123554e-04
7.697594501718213245e+00,7.814375586713663633e-05
7.722586691658857028e+00,5.004023840926038704e-05
7.747578881599499923e+00,3.389265227891597278e-05
7.772571071540143706e+00,2.420318478944316889e-05
7.797563261480787489e+00,1.779572116189783940e-05
7.822555451421431272e+00,1.355737794391093155e-05
7.847547641362074167e+00,1.006787677331458392e-05
7.872539831302717950e+00,8.540702702751569033e-06
7.897532021243361733e+00,5.863133273846435498e-06
7.922524211184004628e+00,5.056659544503646642e-06
7.947516401124648411e+00,3.588141450101178734e-06
7.972508591065292194e+00,3.751364828559497541e-06
7.997500781005935977e+00,2.435787586763659607e-06
8.022492970946579760e+00,2.635317968007024395e-06
8.047485160887223543e+00,7.448663744229366277e-07
8.072477350827867326e+00,1.063760920731174080e-06
8.097469540768509333e+00,1.684686508864171301e-06
8.122461730709153116e+00,3.476829672606722461e-06
8.147453920649796899e+00,4.067756494345593874e-06
8.172446110590440682e+00,6.229141019107115822e-06
8.197438300531084465e+00,8.529760742565539494e-06
8.222430490471728248e+00,1.210705441154252333e-05
8.247422680412372031e+00,1.744310226807495149e-05
8.272414870353014038e+00,2.620234484832283803e-05
8.297407060293657821e+00,4.097357241187385695e-05
8.322399250234301604e+00,6.926186311670752712e-05
8.347391440174945387e+00,1.310045696434940449e-04
8.372383630115589170e+00,2.973307049825943296e-04
8.397375820056232953e+00,9.514951520921344696e-04
8.422368009996876737e+00,8.776680220292404355e-03
8.447360199937518743e+00,3.276276404656702779e-02
8.472352389878162526e+00,2.735383244552073642e-02
8.497344579818806309e+00,4.594297695896395854e-03
8.522336769759450092e+00,4.289736989378028359e-02
8.547328959700093876e+00,6.871726609976785971e-02
8.572321149640737659e+00,2.701370683166792741e-02
8.597313339581381442e+00,1.308888137642959335e-03
8.622305529522023448e+00,3.633261003208261065e-04
8.647297719462667231e+00,1.523120597760552685e-04
8.672289909403311015e+00,7.871720380411899266e-05
8.697282099343954798e+00,4.634731930102450604e-05
8.722274289284598581e+00,2.984934382015560922e-05
8.747266479225242364e+00,2.031643015600832010e-05
8.772258669165886147e+00,1.489425999350266396e-05
8.797250859106528154e+00,1.114478595332783794e-05
8.822243049047171937e+00,8.956506810130257214e-06
8.847235238987817496e+00,6.917285251291136872e-06
8.872227428928459503e+00,6.820215352136506284e-06
8.897219618869103286e+00,4.693605354665680640e-06
8.922211808809747069e+00,5.321343400502637055e-06
8.947203998750390852e+00,4.314210926058857945e-06
8.972196188691032859e+00,5.332022663303821919e-06
8.997188378631678418e+00,7.185941300047360565e-06
9.022180568572322201e+00,4.438620047924978331e-06
9.047172758512964208e+00,5.844331675831483875e-06
9.072164948453607991e+00,5.790395128475773090e-06
9.097157138394251774e+00,7.124104933915137898e-06
9.122149328334893781e+00,7.482821916399315096e-06
9.147141518275539340e+00,9.899089148631051228e-06
9.172133708216183123e+00,1.221796981617597993e-05
9.197125898156826906e+00,1.572651256805275148e-05
9.222118088097468913e+00,2.105542590326407997e-05
9.247110278038112696e+00,2.903259860990131167e-05
9.272102467978756479e+00,4.226908158121827350e-05
9.297094657919400262e+00,6.556989643576686673e-05
9.322086847860044045e+00,1.097993586968657316e-04
9.347079037800687829e+00,2.064928605069688092e-04
9.372071227741331612e+00,4.666383352126612450e-04
9.397063417681973618e+00,1.481734852913406527e-03
9.422055607622617401e+00,1.324492697428173230e-02
9.447047797563261184e+00,5.066347104118090056e-02
9.472039987503904968e+00,4.305278980149448292e-02
9.497032177444548751e+00,6.507867234442375748e-03
9.522024367385192534e+00,3.053851222357180373e-02
9.547016557325836317e+00,4.984480608958515024e-02
9.572008747266478323e+00,1.998740857900578247e-02
9.597000937207122107e+00,8.928293021407599341e-04
9.621993127147765890e+00,2.483390009444219311e-04
9.646985317088409673e+00,1.056654338320474470e-04
9.671977507029053456e+00,5.580529221433238072e-05
9.696969696969697239e+00,3.318301150777644556e-05
9.721961886910341022e+00,2.140853616001315185e-05
9.746954076850983029e+00,1.445567351358222280e-05
9.771946266791626812e+00,9.951907725044622041e-06
9.796938456732272371e+00,7.027590815864253647e-06
9.821930646672914378e+00,4.800173189739792067e-06
9.846922836613558161e+00,3.169237577801329081e-06
9.871915026554201944e+00,1.632943645758576552e-06
9.896907216494845727e+00,1.240035007848136233e-06
9.921899406435487734e+00,1.746010584089116710e-06
9.946891596376133293e+00,1.973190558017186578e-06
9.971883786316777076e+00,2.887815742251139598e-06
9.996875976257419083e+00,6.330887291296168862e-06
1.002186816619806287e+01,4.547305191372804133e-06
1.004686035613870665e+01,7.544084126433838971e-06
1.007185254607935043e+01,9.039270304413525575e-06
1.009684473601999422e+01,1.145727353321784586e-05
1.012183692596063800e+01,1.444031688417233678e-05
1.014682911590128178e+01,1.854985275989712849e-05
1.017182130584192379e+01,2.419438254423530847e-05
1.019681349578256757e+01,3.213227613896912964e-05
1.022180568572321135e+01,4.363061439838033075e-05
1.024679787566385514e+01,6.143080974169646462e-05
1.027179006560449892e+01,9.047697126861026348e-05
1.029678225554514270e+01,1.408235274661015751e-04
1.032177444548578649e+01,2.366160732756976968e-04
1.034676663542642849e+01,4.457770010670795416e-04
1.037175882536707228e+01,1.005812600096884536e-03
1.039675101530771606e+01,3.177811208270976424e-03
1.042174320524835984e+01,2.761381818041211411e-02
1.044673539518900363e+01,1.083843805880695815e-01
1.047172758512964741e+01,9.363814513112424243e-02
1.049671977507029119e+01,1.495849194642448997e-02
1.052171196501093320e+01,9.424510251977931408e-02
1.054670415495157698e+01,1.564912483381946939e-01
1.057169634489222076e+01,6.406017462861159084e-02
1.059668853483286455e+01,2.616557052366119945e-03
1.062168072477350833e+01,7.179959042719705892e-04
1.064667291471415211e+01,3.019027357852984090e-04
1.067166510465479590e+01,1.575530999113820385e-04
1.069665729459543790e+01,9.358272340119505204e-05
1.072164948453608169e+01,6.067614795434808661e-05
1.074664167447672725e+01,4.152430347074913112e-05
1.077163386441736925e+01,3.003485061381589569e-05
1.079662605435801304e+01,2.218770225414661812e-05
1.082161824429865682e+01,1.705105699988849910e-05
1.084661043423930060e+01,1.277848880865806051e-05
1.087160262417994261e+01,1.082471783298886627e-05
1.089659481412058817e+01,7.481408900206714740e-06
1.092158700406123195e+01,6.468861441466021656e-06
1.094657919400187396e+01,4.621563324351214039e-06
1.097157138394251774e+01,4.267060884217985800e-06
1.099656357388316152e+01,3.146742131080460851e-06
1.102155576382380531e+01,2.983901797339384488e-06
1.104654795376444909e+01,9.209286715669590399e-07
1.107154014370509287e+01,1.658665841418345936e-06
1.109653233364573666e+01,2.565812930578214083e-06
1.112152452358637866e+01,5.195833625638290763e-06
1.114651671352702245e+01,6.184871678128733582e-06
1.117150890346766623e+01,9.129158220517042720e-06
1.119650109340831001e+01,1.291033469373807173e-05
1.122149328334895380e+01,1.798859760368272032e-05
1.124648547328959758e+01,2.605371544645602519e-05
1.127147766323024136e+01,3.939181053388810422e-05
1.129646985317088337e+01,6.156306911483232648e-05
1.132146204311152715e+01,1.040248944179352966e-04
1.134645423305217093e+01,1.967388749487996766e-04
1.137144642299281472e+01,4.437247067514639345e-04
1.139643861293345850e+01,1.395361670493305969e-03
1.142143080287410228e+01,1.180141914246838307e-02
1.144642299281474607e+01,4.755134032119739257e-02
1.147141518275538807e+01,4.176507067820627028e-02
1.149640737269603186e+01,7.046529866509079927e-03
1.152139956263667564e+01,5.700985422303996714e-02
1.154639175257731942e+01,9.632490227578688335e-02
1.157138394251796321e+01,4.024087314054793779e-02
1.159637613245860699e+01,1.489318287593614397e-03
1.162136832239925077e+01,4.043894934665118006e-04
1.164636051233989278e+01,1.689787914323888840e-04
1.167135270228053656e+01,8.756522423369933656e-05
1.169634489222118212e+01,5.220978204558698817e-05
1.172133708216182413e+01,3.404799303099531821e-05
1.174632927210246791e+01,2.352921888591844859e-05
1.177132146204311169e+01,1.777734486168664474e-05
1.179631365198375548e+01,1.352822291119546484e-05
1.182130584192439748e+01,1.132737712220112456e-05
1.184629803186504304e+01,9.040916185128297400e-06
1.187129022180568683e+01,9.208841263025494952e-06
1.189628241174632883e+01,6.832876830141452238e-06
1.192127460168697262e+01,8.050096429743904016e-06
1.194626679162761640e+01,6.839718738380266891e-06
1.197125898156826018e+01,7.841209892893933459e-06
1.199625117150890397e+01,1.177408219222258273e-05
1.202124336144954775e+01,7.196045704501983905e-06
1.204623555139019153e+01,1.051892604864022460e-05
1.207122774133083354e+01,1.116831741917364520e-05
1.209621993127147732e+01,1.337222326221310285e-05
1.212121212121212110e+01,1.503378446345755621e-05
1.214620431115276489e+01,1.977437825731358107e-05
1.217119650109340867e+01,2.428942809115284906e-05
1.219618869103405245e+01,3.200208104224164604e-05
1.222118088097469624e+01,4.264250786895496247e-05
1.224617307091533824e+01,5.936964840475012617e-05
1.227116526085598203e+01,8.661811568717697719e-05
1.229615745079662581e+01,1.340823884395806256e-04
1.232114964073726959e+01,2.245917391213273254e-04
1.234614183067791338e+01,4.206737217098435689e-04
1.237113402061855716e+01,9.430183376355744497e-04
1.239612621055920094e+01,2.941490809093390106e-03
1.242111840049984295e+01,2.418615783808499009e-02
1.244611059044048673e+01,1.000024678554083668e-01
1.247110278038113051e+01,8.936054374959102875e-02
1.249609497032177430e+01,1.482785959250577761e-02
1.252108716026241808e+01,7.352892727470136669e-02
1.254607935020306186e+01,1.265655557626654548e-01
1.257107154014370387e+01,5.392032322372896508e-02
1.259606373008434765e+01,1.787872598810060810e-03
1.262105592002499144e+01,4.870722441179213135e-04
1.264604810996563700e+01,2.071869796324260331e-04
1.267104029990628078e+01,1.100439664810889023e-04
1.269603248984692456e+01,6.650994407501847449e-05
1.272102467978756479e+01,4.371679560278752164e-05
1.274601686972820858e+01,3.014829987790852597e-05
1.277100905966885236e+01,2.170147591680265855e-05
1.279600124960949792e+01,1.592343911421779598e-05
1.282099343955014170e+01,1.176962460556069360e-05
1.284598562949078548e+01,8.558206476910027480e-06
1.287097781943142927e+01,6.344920272628741408e-06
1.289597000937206950e+01,4.249467487079937084e-06
1.292096219931271328e+01,2.679083882688881817e-06
1.294595438925335884e+01,1.618593250805016646e-06
1.297094657919400262e+01,1.380329853632466712e-06
1.299593876913464641e+01,3.510748997269825180e-06
1.302093095907529019e+01,4.059014330458213178e-06
1.304592314901593397e+01,6.457666032891969362e-06
1.307091533895657420e+01,8.395425747920144200e-06
1.309590752889721976e+01,1.097263014193783885e-05
1.312089971883786355e+01,1.517285296794827307e-05
1.314589190877850733e+01,1.880398183828327604e-05
1.317088409871915111e+01,2.559841342033914561e-05
1.319587628865979489e+01,3.423897509293605544e-05
1.322086847860043868e+01,4.664200295469104199e-05
1.324586066854108068e+01,6.647911824491637941e-05
1.327085285848172447e+01,9.832088556301138351e-05
1.329584504842236825e+01,1.530469422681190246e-04
1.332083723836301203e+01,2.572636708018940458e-04
1.334582942830365582e+01,4.834583286326695037e-04
1.337082161824429960e+01,1.082729010030493086e-03
1.339581380818494338e+01,3.361662512704045522e-03
1.342080599812558539e+01,2.694638076254192438e-02
1.344579818806622917e+01,1.144574075957779102e-01
1.347079037800687296e+01,1.039885440274388589e-01
1.349578256794751674e+01,1.791803711927094159e-02
1.352077475788816052e+01,1.082423134858147701e-01
1.354576694782880431e+01,1.896280150408334864e-01
1.357075913776944809e+01,8.241858361547281520e-02
1.359575132771009010e+01,2.410107425650366390e-03
1.362074351765073388e+01,6.488281879318242391e-04
1.364573570759137766e+01,2.736610459831118167e-04
1.367072789753202144e+01,1.447483350580504140e-04
1.369572008747266523e+01,8.777645361501224615e-05
1.372071227741330901e+01,5.844210941135397362e-05
1.374570446735395279e+01,4.094145191276452023e-05
1.377069665729459480e+01,3.113770505673911732e-05
1.379568884723523858e+01,2.362519873035386393e-05
1.382068103717588237e+01,1.952905778499152925e-05
1.384567322711652615e+01,1.547498988093738234e-05
1.387066541705716993e+01,1.477219553009951227e-05
1.389565760699781372e+01,1.102473060336034712e-05
1.392064979693845572e+01,1.192696893871946310e-05
1.394564198687909951e+01,9.848752143401663217e-06
1.397063417681974329e+01,1.006829851704444153e-05
1.399562636676038707e+01,1.482714482683458375e-05
1.402061855670103085e+01,8.407174523862552884e-06
1.404561074664167464e+01,1.213645167638733907e-05
1.407060293658231842e+01,1.217629862594398369e-05
1.409559512652296043e+01,1.436136863491780656e-05
1.412058731646360421e+01,1.503552644928121324e-05
1.414557950640424799e+01,1.998245722344176839e-05
1.417057169634489178e+01,2.396395164722392169e-05
1.419556388628553556e+01,3.095310596674763785e-05
1.422055607622617934e+01,4.103009853416995754e-05
1.424554826616682313e+01,5.648382274776445652e-05
1.427054045610746513e+01,8.189488712885153825e-05
1.429553264604810892e+01,1.265323387819121382e-04
1.432052483598875270e+01,2.104637179970926151e-04
1.434551702592939648e+01,3.928241623068743802e-04
1.437050921587004026e+01,8.742150361420679807e-04
1.439550140581068405e+01,2.693901568643117250e-03
1.442049359575132961e+01,2.103625634128491670e-02
1.444548578569196984e+01,9.178967600381650327e-02
1.447047797563261362e+01,8.482220159784330249e-02
1.449547016557325740e+01,1.485078012440886955e-02
1.452046235551390119e+01,6.203590401283032990e-02
1.454545454545454497e+01,1.107182064512239744e-01
1.457044673539519053e+01,4.906237794846955713e-02
1.459543892533583431e+01,1.245300568128100303e-03
1.462043111527647454e+01,3.400287640957701404e-04
1.464542330521711833e+01,1.483992874626561230e-04
1.467041549515776211e+01,8.150600382360340959e-05
1.469540768509840589e+01,5.054461925999090423e-05
1.472039987503905145e+01,3.397403999241647310e-05
1.474539206497969523e+01,2.363858710278332351e-05
1.477038425492033902e+01,1.719952797714741039e-05
1.479537644486097925e+01,1.239385807216768329e-05
1.482036863480162303e+01,9.024986180577220174e-06
1.484536082474226681e+01,6.311696241557506373e-06
1.487035301468291237e+01,4.301271126015261293e-06
1.489534520462355616e+01,2.552247880998834314e-06
1.492033739456419994e+01,1.360486432947483699e-06
1.494532958450484372e+01,1.439160187045982898e-06
1.497032177444548395e+01,2.471560832475684794e-06
1.499531396438612774e+01,5.874753724512579780e-06
1.502030615432677330e+01,5.334291239289126217e-06
1.504529834426741708e+01,8.897435217733330517e-06
1.507029053420806086e+01,1.090641703167658190e-05
1.509528272414870465e+01,1.407199081522416594e-05
1.512027491408934843e+01,1.886220057542746585e-05
1.514526710402998866e+01,2.349943921439341462e-05
1.517025929397063422e+01,3.147299905020693500e-05
1.519525148391127800e+01,4.218649622084056023e-05
1.522024367385192178e+01,5.693080588139127427e-05
1.524523586379256557e+01,8.151983559433937071e-05
1.527022805373320935e+01,1.198384905524963563e-04
1.529522024367385313e+01,1.855973005124562469e-04
1.532021243361449514e+01,3.131021088408495801e-04
1.534520462355513892e+01,5.845028177427638930e-04
1.537019681349578271e+01,1.304166441294488414e-03
1.539518900343642649e+01,3.998659833310559339e-03
1.542018119337707027e+01,3.049765852512463862e-02
1.544517338331771406e+01,1.368376950858598839e-01
1.547016557325835784e+01,1.285638944938535810e-01
1.549515776319899985e+01,2.330482533405603407e-02
1.552014995313964363e+01,1.256663767483307825e-01
1.554514214308028741e+01,2.282860758257639622e-01
1.557013433302093119e+01,1.031783501812785636e-01
1.559512652296157498e+01,2.205350190608806535e-03
1.562011871290221876e+01,5.920007026149023185e-04
1.564511090284286254e+01,2.552015117849552200e-04
1.567010309278350455e+01,1.392495432693957862e-04
1.569509528272414833e+01,8.725714343108258468e-05
1.572008747266479212e+01,5.996362470995194921e-05
1.574507966260543590e+01,4.324897225209856262e-05
1.577007185254607968e+01,3.376402899418237777e-05
1.579506404248672347e+01,2.635874065423390817e-05
1.582005623242736725e+01,2.231153342052429080e-05
1.584504842236800926e+01,1.827108245968056500e-05
1.587004061230865304e+01,1.764882294638805832e-05
1.589503280224929682e+01,1.395504610568328969e-05
1.592002499218994060e+01,1.549476418715244229e-05
1.594501718213058439e+01,1.321501279301564960e-05
1.597000937207122817e+01,1.313897433224214593e-05
1.599500156201187195e+01,2.095829886096631746e-05
1.601999375195251218e+01,1.166335974916981359e-05
1.604498594189315952e+01,1.840226163634212607e-05
1.606997813183380330e+01,1.896056700983508498e-05
1.609497032177444709e+01,2.258863230099843319e-05
1.611996251171509087e+01,2.480452939255121109e-05
1.614495470165573465e+01,3.262160305659025873e-05
1.616994689159637488e+01,3.985858461128822248e-05
1.619493908153701867e+01,5.200797272407930907e-05
1.621993127147766245e+01,6.908652187619546570e-05
1.624492346141830623e+01,9.624248874129074261e-05
1.626991565135895002e+01,1.396873899109996389e-04
1.629490784129959380e+01,2.148647810472318221e-04
1.631990003124023758e+01,3.599232258265007856e-04
1.634489222118088136e+01,6.681761864633232236e-04
1.636988441112152515e+01,1.482934979304326205e-03
1.639487660106216893e+01,4.515099100928191000e-03
1.641986879100281271e+01,3.360961346969087299e-02
1.644486098094345650e+01,1.550786039182042442e-01
1.646985317088410028e+01,1.481778367867812030e-01
1.649484536082474406e+01,2.752449984841506825e-02
1.651983755076538429e+01,1.173860638163751607e-01
1.654482974070602808e+01,2.172359295201076457e-01
1.656982193064667186e+01,1.000873841371817952e-01
1.659481412058731564e+01,1.748302398509848357e-03
1.661980631052795943e+01,4.814766608971158385e-04
1.664479850046860321e+01,2.179342464041938196e-04
1.666979069040924699e+01,1.246738707630328088e-04
1.669478288034989077e+01,8.046401788964411932e-05
1.671977507029053456e+01,5.600212065391963194e-05
1.674476726023117834e+01,4.041053245931511121e-05
1.676975945017182212e+01,3.085839620990291440e-05
1.679475164011246591e+01,2.333822057768899355e-05
1.681974383005310969e+01,1.849540100364254852e-05
1.684473601999375347e+01,1.424504467657562395e-05
1.686972820993439370e+01,1.204517973859202211e-05
1.689472039987503749e+01,8.642441351170497793e-06
1.691971258981568127e+01,7.485468399646059963e-06
1.694470477975632505e+01,5.357411369282340431e-06
1.696969696969696884e+01,3.816924228156789233e-06
1.699468915963761262e+01,4.260057660580205949e-06
1.701968134957825640e+01,2.070939776849099518e-06
1.704467353951890018e+01,4.712730546714619413e-07
1.706966572945954397e+01,1.582519214050042832e-06
1.709465791940018775e+01,3.108803630949607820e-06
1.711965010934083153e+01,6.784493530997256827e-06
1.714464229928147532e+01,7.534115715925971272e-06
1.716963448922211910e+01,1.184831333999464445e-05
1.719462667916276288e+01,1.673946524210558298e-05
1.721961886910340311e+01,2.282445536242663973e-05
1.724461105904404690e+01,3.428392228198761451e-05
1.726960324898469068e+01,5.115427685957910455e-05
1.729459543892533446e+01,8.003206550006565316e-05
1.731958762886597825e+01,1.351360178441801283e-04
1.734457981880662203e+01,2.537144417610373548e-04
1.736957200874726936e+01,5.642167756367211717e-04
1.739456419868790960e+01,1.713259625551656878e-03
1.741955638862855338e+01,1.247931056422057518e-02
1.744454857856919716e+01,5.927480180941328142e-02
1.746954076850984094e+01,5.758205614661036920e-02
1.749453295845048473e+01,1.104794158411608052e-02
1.751952514839112851e+01,6.529568371414831707e-02
1.754451733833177229e+01,1.230086372085619495e-01
1.756950952827241252e+01,5.778899894868410464e-02
1.759450171821305631e+01,7.727099748238656224e-04
1.761949390815370009e+01,2.088233275074339223e-04
1.764448609809434387e+01,9.371147515559661559e-05
1.766947828803499121e+01,5.390036113235243840e-05
1.769447047797563499e+01,3.565550825827952882e-05
1.771946266791627878e+01,2.617994539116357547e-05
1.774445485785691901e+01,1.997843027285596377e-05
1.776944704779756279e+01,1.694018062623307705e-05
1.779443923773820657e+01,1.409810588592016050e-05
1.781943142767885035e+01,1.325794384924386404e-05
1.784442361761949414e+01,1.177670027513465334e-05
1.786941580756013792e+01,1.255192450224552456e-05
1.789440799750078170e+01,1.107203185761195831e-05
1.791940018744142193e+01,1.378701873463498828e-05
1.794439237738206572e+01,1.253318524895085672e-05
1.796938456732271305e+01,1.331371676158270131e-05
1.799437675726335684e+01,2.303486783523582985e-05
1.801936894720400062e+01,1.400112455895108334e-05
1.804436113714464440e+01,2.344057699315284070e-05
1.806935332708528819e+01,2.517138229230071430e-05
1.809434551702592842e+01,3.077595230073183134e-05
1.811933770696657220e+01,3.703733219593901508e-05
1.814432989690721598e+01,4.711461718759983158e-05
1.816932208684785977e+01,5.982499624896688278e-05
1.819431427678850355e+01,7.912135084973071430e-05
1.821930646672914733e+01,1.054407104112265836e-04
1.824429865666978756e+01,1.489471640291282746e-04
1.826929084661043490e+01,2.172879756192992783e-04
1.829428303655107868e+01,3.348390793161266075e-04
1.831927522649172246e+01,5.607669550172767175e-04
1.834426741643236625e+01,1.040708212838124293e-03
1.836925960637301003e+01,2.298946708673347498e-03
1.839425179631365381e+01,6.924335268475027144e-03
1.841924398625429404e+01,4.927143692819263565e-02
1.844423617619493783e+01,2.409030615336071879e-01
1.846922836613558161e+01,2.380067135032765679e-01
1.849422055607622539e+01,4.682684575175197206e-02
1.851921274601686918e+01,2.015057409472862104e-01
1.854420493595751296e+01,3.868328127165290842e-01
1.856919712589815674e+01,1.851999111481684446e-01
1.859418931583880052e+01,1.764268933118504599e-03
1.861918150577944431e+01,5.293150473281630188e-04
1.864417369572008809e+01,2.691465578802828239e-04
1.866916588566073187e+01,1.687571564791774182e-04
1.869415807560137566e+01,1.160929953274834366e-04
1.871915026554201944e+01,8.538717491145184611e-05
1.874414245548266322e+01,6.446446433783524282e-05
1.876913464542330345e+01,5.230204779418371250e-05
1.879412683536394724e+01,4.143420879092639863e-05
1.881911902530459102e+01,3.589051593122852946e-05
1.884411121524523480e+01,2.994240511840744060e-05
1.886910340518587859e+01,2.857797010427126462e-05
1.889409559512652237e+01,2.359523446819743485e-05
1.891908778506716615e+01,2.585133528101224017e-05
1.894407997500780994e+01,2.204067587591870082e-05
1.896907216494845372e+01,2.117955479230963201e-05
1.899406435488909750e+01,3.500629023531484977e-05
1.901905654482974128e+01,1.878315830744989187e-05
1.904404873477038507e+01,3.131606364783561479e-05
1.906904092471102885e+01,3.206683468256801817e-05
1.909403311465167263e+01,3.824944721005734923e-05
1.911902530459231286e+01,4.248043985545429865e-05
1.914401749453295665e+01,5.552774958273655101e-05
1.916900968447360043e+01,6.810042538857350271e-05
1.919400187441424421e+01,8.884839200578974064e-05
1.921899406435488800e+01,1.182740009774359594e-04
1.924398625429553178e+01,1.644626865144858962e-04
1.926897844423617912e+01,2.389719376391317420e-04
1.929397063417681935e+01,3.670060267764462566e-04
1.931896282411746313e+01,6.128429109452457205e-04
1.934395501405810691e+01,1.133036972139619047e-03
1.936894720399875069e+01,2.494125702512522361e-03
1.939393939393939448e+01,7.465582139653713194e-03
1.941893158388003826e+01,5.197016624923943978e-02
1.944392377382068204e+01,2.617643078948261870e-01
1.946891596376132227e+01,2.629857503594351664e-01
1.949390815370196606e+01,5.321012709839464255e-02
1.951890034364260984e+01,2.060877427747172530e-01
1.954389253358325362e+01,4.030773985451643893e-01
1.956888472352390096e+01,1.966613691399297370e-01
1.959387691346454474e+01,1.145979201183516556e-03
1.961886910340518853e+01,4.313436758843542285e-04
1.964386129334582876e+01,2.522046681887290241e-04
1.966885348328647254e+01,1.685926370757910618e-04
1.969384567322711632e+01,1.191220364034275973e-04
1.971883786316776010e+01,8.856261965478499974e-05
1.974383005310840389e+01,6.711093803308458387e-05
1.976882224304904767e+01,5.425819317701806397e-05
1.979381443298969145e+01,4.260386010202500098e-05
1.981880662293033168e+01,3.633761596660442462e-05
1.984379881287097547e+01,2.997331254722021725e-05
1.986879100281162280e+01,2.777563040346962719e-05
1.989378319275226659e+01,2.269272661405713300e-05
1.991877538269291037e+01,2.373965531428839630e-05
1.994376757263355415e+01,1.984416132219878230e-05
1.996875976257419794e+01,1.815631758008498192e-05
1.999375195251483817e+01,2.966069455755150156e-05
2.001874414245548195e+01,1.484254372903688860e-05
2.004373633239612573e+01,2.490551013045901979e-05
2.006872852233676952e+01,2.492419475391840318e-05
2.009372071227741330e+01,2.933456659741900450e-05
2.011871290221805708e+01,3.054329140813974057e-05
2.014370509215870086e+01,4.121965984491092195e-05
2.016869728209934465e+01,4.913420889040617378e-05
2.019368947203998843e+01,6.348499878326760296e-05
2.021868166198063221e+01,8.469891492149594036e-05
2.024367385192127600e+01,1.161060952084818211e-04
2.026866604186191978e+01,1.682503427761962856e-04
2.029365823180256356e+01,2.577410181075918396e-04
2.031865042174320379e+01,4.295170112276433007e-04
2.034364261168384758e+01,7.914460077777863475e-04
2.036863480162449136e+01,1.736048988899376684e-03
2.039362699156513514e+01,5.165905895359191452e-03
2.041861918150577893e+01,3.520411760647570304e-02
2.044361137144642271e+01,1.827799968389304808e-01
2.046860356138706649e+01,1.867323256301476886e-01
2.049359575132771027e+01,3.885920373393990379e-02
2.051858794126835406e+01,1.384142907611551898e-01
2.054358013120899784e+01,2.758358860016623670e-01
2.056857232114964162e+01,1.371351591734116526e-01
2.059356451109028541e+01,4.466865580799126443e-04
2.061855670103092919e+01,2.597209171786531894e-04
2.064354889097157297e+01,1.678270906034972298e-04
2.066854108091221320e+01,1.155326979190041554e-04
2.069353327085285699e+01,8.240101968468965506e-05
2.071852546079350077e+01,6.141461497358861909e-05
2.074351765073414455e+01,4.653251149167575684e-05
2.076850984067478834e+01,3.747821071773696310e-05
2.079350203061543212e+01,2.929616928465960567e-05
2.081849422055607590e+01,2.469267384023557670e-05
2.084348641049671969e+01,2.030192820657804705e-05
2.086847860043736347e+01,1.843027672820903739e-05
2.089347079037800725e+01,1.504059503074204365e-05
2.091846298031865103e+01,1.524882643044854541e-05
2.094345517025929482e+01,1.262162843356272603e-05
2.096844736019993860e+01,1.112514948043613931e-05
2.099343955014058238e+01,1.809969376328787350e-05
2.101843174008122261e+01,8.547544631359049343e-06
2.104342393002186640e+01,1.452400812056511836e-05
2.106841611996251018e+01,1.436586948067217083e-05
2.109340830990315396e+01,1.664785735583358702e-05
2.111840049984379775e+01,1.639861996004708951e-05
2.114339268978444153e+01,2.287727499448746242e-05
2.116838487972508531e+01,2.648530115684541415e-05
2.119337706966572910e+01,3.400248441569668717e-05
2.121836925960637288e+01,4.551452968059286914e-05
2.124336144954701666e+01,6.140250705881932262e-05
2.126835363948766044e+01,8.897276281089516650e-05
2.129334582942830423e+01,1.358966091660208366e-04
2.131833801936894801e+01,2.259752388764597138e-04
2.134333020930959179e+01,4.150209487143912746e-04
2.136832239925023202e+01,9.074786726897344016e-04
2.139331458919087581e+01,2.684447897511239769e-03
2.141830677913151959e+01,1.791870511652556008e-02
2.144329896907216337e+01,9.596269531540863040e-02
2.146829115901280716e+01,9.969213695164808042e-02
2.149328334895345449e+01,2.133496256508395778e-02
2.151827553889409828e+01,7.044310903473280372e-02
2.154326772883473851e+01,1.430493261826265294e-01
2.156825991877538229e+01,7.246082020021574199e-02
2.159325210871602607e+01,3.375147744507005308e-04
2.161824429865666986e+01,1.535712037197379078e-04
2.164323648859731364e+01,9.390868333489072969e-05
2.166822867853795742e+01,6.324373208935320050e-05
2.169322086847860120e+01,4.458843230715665986e-05
2.171821305841924143e+01,3.298258303017513382e-05
2.174320524835988522e+01,2.487929784561335655e-05
2.176819743830052900e+01,1.990166404077345667e-05
2.179318962824117634e+01,1.543516336216565668e-05
2.181818181818182012e+01,1.292944509892078849e-05
2.184317400812246390e+01,1.059973217536748933e-05
2.186816619806310769e+01,9.435551209944238727e-06
2.189315838800374792e+01,7.699436159030201713e-06
2.191815057794439170e+01,7.660622665538892025e-06
2.194314276788503548e+01,6.219017869132084204e-06
2.196813495782567927e+01,5.431133947913091332e-06
2.199312714776632305e+01,8.726277766702363763e-06
2.201811933770696683e+01,3.872792680097038767e-06
2.204311152764761061e+01,6.750145814812671712e-06
2.206810371758825440e+01,6.615180311997205155e-06
2.209309590752889818e+01,7.516382466821385923e-06
2.211808809746954196e+01,7.125354841948357126e-06
2.214308028741018575e+01,1.009481349641942969e-05
2.216807247735082953e+01,1.150937125908673565e-05
2.219306466729147331e+01,1.459698541041236568e-05
2.221805685723211710e+01,1.960017628947981859e-05
2.224304904717275733e+01,2.606935729776054179e-05
2.226804123711340111e+01,3.784705307210593984e-05
2.229303342705404489e+01,5.748121682324863979e-05
2.231802561699468868e+01,9.544025686649425559e-05
2.234301780693533246e+01,1.747061874372483436e-04
2.236800999687597624e+01,3.808688324265485626e-04
2.239300218681662002e+01,1.120035226047121036e-03
2.241799437675726381e+01,7.326849683231440036e-03
2.244298656669790759e+01,4.050128312020764149e-02
2.246797875663855137e+01,4.278537355680381987e-02
2.249297094657919516e+01,9.414109373369165812e-03
2.251796313651983894e+01,2.893493344112899046e-02
2.254295532646048272e+01,5.988185308434144927e-02
2.256794751640112295e+01,3.090183871135506605e-02
2.259293970634176674e+01,2.550240735972138435e-04
2.261793189628241052e+01,8.449558079491396292e-05
2.264292408622305430e+01,4.559268570139657600e-05
2.266791627616369809e+01,2.913575858790131126e-05
2.269290846610434187e+01,2.001771278214616379e-05
2.271790065604498565e+01,1.453801284666667146e-05
2.274289284598562944e+01,1.093180393254865750e-05
2.276788503592627322e+01,8.634942093763420866e-06
2.279287722586691700e+01,6.589519382659058948e-06
2.281786941580756078e+01,5.574038125470718692e-06
2.284286160574820457e+01,4.496893127474564863e-06
2.286785379568884835e+01,3.981160910848616020e-06
2.289284598562949213e+01,3.171808190491477868e-06
2.291783817557013236e+01,3.194772140808356622e-06
2.294283036551077615e+01,2.480154181258703036e-06
2.296782255545141993e+01,2.206767609516622668e-06
2.299281474539206371e+01,3.452190224045629099e-06
2.301780693533270750e+01,1.480941239038359653e-06
2.304279912527335128e+01,2.591575912958052884e-06
2.306779131521399506e+01,2.511838079871719714e-06
2.309278350515463885e+01,2.792393835099506381e-06
2.311777569509528263e+01,2.657309880390323586e-06
2.314276788503592641e+01,3.656053023758932606e-06
2.316776007497657019e+01,4.191294593871908800e-06
2.319275226491721398e+01,5.230408386839887024e-06
2.321774445485785776e+01,7.000298995670382933e-06
2.324273664479850154e+01,9.263049849336397402e-06
2.326772883473914177e+01,1.350173123977609751e-05
2.329272102467978556e+01,2.009700864852812595e-05
2.331771321462042934e+01,3.372025338912122472e-05
2.334270540456107312e+01,6.130935658678487196e-05
2.336769759450171691e+01,1.331971912801456590e-04
2.339268978444236424e+01,3.896903235582436652e-04
2.341768197438300803e+01,2.499190609952253728e-03
2.344267416432364826e+01,1.426976327598443797e-02
2.346766635426429204e+01,1.532894796446271704e-02
2.349265854420493582e+01,3.466688498589633443e-03
2.351765073414557961e+01,9.946023829684331671e-03
2.354264292408622339e+01,2.097966699587359637e-02
2.356763511402686717e+01,1.102839958409619799e-02
2.359262730396751095e+01,1.353803234206742156e-04
2.361761949390815118e+01,3.898091432245100592e-05
2.364261168384879497e+01,1.899441695311418742e-05
2.366760387378943875e+01,1.152048086517253003e-05
2.369259606373008609e+01,7.652218634915694095e-06
2.371758825367072987e+01,5.440907317806162803e-06
2.374258044361137365e+01,4.067700490942148724e-06
2.376757263355201744e+01,3.174567685294632414e-06
2.379256482349265767e+01,2.348254504157809180e-06
2.381755701343330145e+01,2.072575673612198590e-06
2.384254920337394523e+01,1.573060133048719996e-06
2.386754139331458902e+01,1.466025924371287618e-06
2.389253358325523280e+01,1.058563527911766441e-06
2.391752577319587658e+01,1.146684627106278704e-06
2.394251796313652036e+01,8.649719054438548174e-07
2.396751015307716060e+01,7.152916758615043291e-07
2.399250234301780793e+01,1.161241524281555933e-06
2.401749453295845171e+01,5.209445187392948917e-07
2.404248672289909550e+01,7.972316063060703278e-07
2.406747891283973928e+01,8.294577719973743915e-07
2.409247110278038306e+01,8.956172163886380207e-07
2.411746329272102685e+01,8.493473939996770043e-07
2.414245548266166708e+01,1.143538031962896823e-06
2.416744767260231086e+01,1.295289423394021911e-06
2.419243986254295464e+01,1.600254594964189027e-06
2.421743205248359843e+01,2.160390831958845936e-06
2.424242424242424221e+01,2.737444321532762532e-06
2.426741643236488599e+01,4.202694413867541701e-06
2.429240862230552978e+01,6.022134223857565444e-06
2.431740081224617356e+01,1.014053899822862939e-05
2.434239300218681734e+01,1.828781354233373929e-05
2.436738519212746112e+01,3.996003742119064124e-05
2.439237738206810491e+01,1.158615247003402451e-04
2.441736957200874869e+01,7.287706809378423573e-04
2.444236176194939247e+01,4.301738708389111522e-03
2.446735395189003626e+01,4.699087948099718755e-03
2.449234614183067649e+01,1.091904840465210543e-03
2.451733833177132027e+01,2.930081665210246874e-03
2.454233052171196405e+01,6.300276857518129908e-03
2.456732271165260784e+01,3.373298989406522692e-03
2.459231490159325162e+01,5.548159942309648568e-05
2.461730709153389540e+01,1.487610131942557644e-05
2.464229928147453919e+01,6.778891672613564282e-06
2.466729147141518297e+01,3.929018182635360350e-06
2.469228366135582675e+01,2.533237523422381879e-06
2.471727585129647053e+01,1.767326898576388299e-06
2.474226804123711432e+01,1.300337512493397099e-06
2.476726023117775810e+01,9.900533205095050623e-07
2.479225242111840188e+01,7.448158321191017162e-07
2.481724461105904211e+01,6.492172870393572715e-07
2.484223680099968590e+01,4.845452752518563468e-07
2.486722899094032968e+01,4.551877237852251520e-07
2.489222118088097346e+01,3.169026286257239270e-07
2.491721337082161725e+01,3.351538545972617092e-07
2.494220556076226103e+01,2.619587788535116495e-07
2.496719775070290481e+01,2.266212416195391963e-07
2.499218994064354860e+01,3.278347776261833557e-07
2.501718213058419238e+01,1.470052910849061941e-07
2.504217432052483616e+01,2.100369154940744234e-07
2.506716651046547994e+01,2.511889237707281154e-07
2.509215870040612373e+01,2.452063589931946568e-07
2.511715089034676751e+01,2.328049896879463018e-07
2.514214308028740774e+01,2.979128974845766692e-07
2.516713527022805508e+01,3.701166192696950248e-07
2.519212746016869531e+01,4.020150424158387126e-07
2.521711965010934264e+01,6.081112751209628461e-07
2.524211184004998287e+01,6.869351358146862578e-07
2.526710402999062666e+01,1.133114174324307277e-06
2.529209621993127399e+01,1.564658192911290762e-06
2.531708840987191422e+01,2.650103135291337707e-06
2.534208059981256156e+01,4.791999921609419090e-06
2.536707278975320179e+01,1.035364963270142534e-05
2.539206497969384912e+01,2.998646189421557751e-05
2.541705716963448936e+01,1.849175498740555955e-04
2.544204935957512959e+01,1.129286627652025150e-03
2.546704154951577692e+01,1.254461673960827585e-03
2.549203373945641715e+01,2.994449916136842867e-04
2.551702592939706449e+01,7.525760334971819425e-04
2.554201811933770472e+01,1.649757204261103000e-03
2.556701030927835205e+01,8.996218029982771093e-04
2.559200249921899584e+01,1.864175124089928145e-05
2.561699468915963607e+01,4.763887547869655576e-06
2.564198687910028340e+01,2.101440214447836786e-06
2.566697906904092363e+01,1.151767545735912426e-06
2.569197125898157097e+01,7.487263492308046189e-07
2.571696344892221120e+01,4.944360539225907229e-07
2.574195563886285854e+01,3.632730434896986223e-07
2.576694782880349877e+01,2.708151260186844753e-07
2.579194001874413900e+01,2.236819646745158734e-07
2.581693220868478633e+01,1.713723135902615579e-07
2.584192439862542656e+01,1.441020691208339494e-07
2.586691658856607390e+01,8.502759242350697205e-08
2.589190877850671768e+01,1.437067023683532497e-07
2.591690096844736146e+01,4.837944218130267874e-08
2.594189315838800525e+01,1.008940497702578767e-07
2.596688534832864548e+01,1.293887645385675417e-07
2.599187753826929281e+01,3.107416032965916371e-08
2.601686972820993304e+01,5.798798476597687486e-08
2.604186191815058038e+01,3.838999511990419404e-08
2.606685410809122061e+01,7.343739782417504376e-08
2.609184629803186795e+01,6.845405272638611589e-08
2.611683848797250818e+01,3.895351244700394540e-08
2.614183067791314841e+01,9.977111464143466866e-08
2.616682286785379574e+01,6.899997323596942005e-08
2.619181505779443953e+01,1.097012286646849556e-07
2.621680724773508331e+01,1.060852860722585065e-07
2.624179943767572709e+01,2.466820734901712813e-07
2.626679162761637087e+01,2.434909562300698638e-07
2.629178381755701466e+01,3.102665941239711246e-07
2.631677600749765489e+01,6.676657554150071302e-07
2.634176819743830222e+01,1.160291371915610924e-06
2.636676038737894245e+01,2.270401484373313874e-06
2.639175257731958979e+01,6.861231129683430442e-06
2.641674476726023002e+01,4.140712416305472089e-05
2.644173695720087736e+01,2.616691442379002878e-04
2.646672914714151759e+01,2.956099402877437258e-04
2.649172133708216137e+01,7.250604629495853513e-05
2.651671352702280515e+01,1.707258053801447527e-04
2.654170571696344894e+01,3.816169446264975067e-04
2.656669790690409272e+01,2.119188433627098407e-04
2.659169009684473650e+01,5.301066072252532404e-06
2.661668228678538384e+01,1.320008003021904465e-06
2.664167447672602407e+01,5.498754972834572151e-07
2.666666666666666430e+01,3.168123224671189719e-07
2.669165885660731163e+01,1.874309742683429139e-07
2.671665104654795186e+01,1.157025199752380834e-07
2.674164323648859920e+01,8.640317387178466783e-08
2.676663542642923943e+01,8.803535695870635484e-08
2.679162761636988677e+01,6.256528121953589680e-08
2.681661980631052700e+01,7.015862136731418460e-08
2.684161199625117078e+01,2.957177054615383566e-08
2.686660418619181456e+01,2.333403098768795407e-09
2.689159637613245835e+01,6.914580242925379735e-08
2.691658856607310568e+01,3.565880008884697096e-08
2.694158075601374591e+01,8.064797164293859436e-08
2.696657294595439325e+01,8.700976049762576765e-08
2.699156513589503348e+01,5.283437671541022373e-08
2.701655732583567371e+01,6.241960202241664550e-08
2.704154951577632104e+01,4.688770803569727276e-08
2.706654170571696127e+01,3.934695991815697213e-08
2.709153389565760861e+01,1.195765208238383580e-08
2.711652608559824884e+01,4.294379411214963494e-08
2.714151827553889618e+01,1.313589771008244306e-08
2.716651046547953641e+01,2.476551831963695525e-08
2.719150265542018019e+01,3.914138154401864170e-08
2.721649484536082753e+01,5.728546172901107337e-08
2.724148703530146776e+01,3.106049252713079090e-08
2.726647922524211509e+01,5.688635919794480623e-08
2.729147141518275532e+01,1.228326351474544319e-07
2.731646360512340266e+01,9.517877852045175479e-08
2.734145579506404289e+01,1.959514301900489183e-07
2.736644798500468312e+01,5.646429852585569470e-07
2.739144017494533045e+01,1.385075591177370770e-06
2.741643236488597069e+01,8.192486410533928443e-06
2.744142455482661802e+01,5.403199159867555089e-05
2.746641674476725825e+01,6.210139535137191387e-05
2.749140893470790559e+01,1.564831010980770255e-05
2.751640112464854937e+01,3.455992747760513274e-05
2.754139331458918960e+01,7.877577012264717589e-05
2.756638550452983694e+01,4.453656205229886942e-05
2.759137769447047717e+01,1.298760782370110618e-06
2.761636988441112450e+01,3.270064180183128434e-07
2.764136207435176473e+01,1.220906525106559537e-07
2.766635426429241207e+01,8.602418184177865434e-08
2.769134645423305230e+01,2.217294988402501652e-08
2.771633864417369253e+01,4.787095027197012602e-08
2.774133083411433986e+01,1.946018771215319448e-08
2.776632302405498010e+01,3.495009743964212121e-08
2.779131521399562743e+01,2.609943488067809219e-08
2.781630740393627121e+01,1.361206730321261532e-08
2.784129959387691144e+01,5.684470980655288902e-09
2.786629178381755878e+01,1.889259332924598656e-08
2.789128397375819901e+01,1.392155853418658103e-08
2.791627616369884635e+01,2.071523166798303466e-08
2.794126835363948658e+01,2.582413221693797817e-08
2.796626054358013391e+01,3.665916749044505446e-08
2.799125273352077414e+01,3.329955390021797414e-08
2.801624492346141437e+01,2.633522266323271555e-08
2.804123711340206171e+01,3.584349309894175353e-08
2.806622930334270194e+01,6.222758397556806868e-08
2.809122149328334928e+01,8.599698658685085715e-08
2.811621368322399306e+01,5.058080863787461829e-08
2.814120587316463684e+01,8.442260402002366744e-08
2.816619806310528062e+01,9.812534463518654357e-08
2.819119025304592085e+01,7.624345855531126347e-08
2.821618244298656819e+01,3.998010698838287929e-08
2.824117463292720842e+01,8.324555751801226084e-08
2.826616682286785576e+01,2.033994791246881510e-08
2.829115901280849599e+01,9.570420047515332804e-08
2.831615120274914332e+01,7.102406579398594601e-08
2.834114339268978355e+01,7.613850947396969670e-08
2.836613558263042378e+01,1.607041317904314591e-07
2.839112777257107112e+01,2.677527524691379089e-07
2.841611996251171490e+01,1.419766141907216588e-06
2.844111215245235869e+01,1.000370364990795033e-05
2.846610434239300247e+01,1.169719923387579784e-05
2.849109653233364625e+01,2.990616080530361735e-06
2.851608872227429003e+01,6.305249223884776461e-06
2.854108091221493027e+01,1.464486254525140715e-05
2.856607310215557760e+01,8.427146136791252259e-06
2.859106529209621783e+01,2.767167429760335697e-07
2.861605748203686517e+01,7.075652348579269806e-08
2.864104967197750540e+01,4.418605494995738321e-08
2.866604186191815273e+01,2.929129752786259748e-08
2.869103405185879296e+01,2.046829699001608924e-08
2.871602624179943675e+01,3.799068790800193742e-08
2.874101843174008053e+01,3.548307670468535990e-08
2.876601062168072431e+01,4.589907394209660606e-08
2.879100281162136810e+01,4.852997227158874931e-08
2.881599500156201188e+01,3.648983874371131826e-08
2.884098719150265921e+01,4.006250733136387931e-08
2.886597938144329945e+01,3.998561896435013604e-08
2.889097157138393968e+01,2.638544809908986302e-08
2.891596376132458701e+01,3.280978613780923495e-08
2.894095595126522724e+01,5.168220383274033269e-08
2.896594814120587458e+01,6.110968189410413332e-08
2.899094033114651481e+01,2.674305379229775133e-08
2.901593252108716214e+01,1.952420734411749424e-08
2.904092471102780237e+01,7.958710357763994137e-08
2.906591690096844616e+01,1.364959056849360202e-07
2.909090909090908994e+01,1.448655473892386843e-07
2.911590128084973372e+01,6.414274199872567650e-08
2.914089347079038106e+01,2.196582894328227817e-07
2.916588566073102129e+01,2.588993363789822298e-07
2.919087785067166863e+01,2.675378375235216444e-07
2.921587004061230886e+01,1.295052343286916339e-07
2.924086223055294909e+01,2.204190870891157883e-07
2.926585442049359642e+01,1.947625863868962900e-07
2.929084661043423665e+01,9.204709683720325675e-08
2.931583880037488399e+01,4.801478871586333953e-08
2.934083099031552422e+01,8.729317652971177626e-08
2.936582318025617155e+01,1.450387741370135416e-07
2.939081537019681178e+01,1.596902496941210796e-07
2.941580756013745557e+01,2.969492339760196993e-07
2.944079975007810290e+01,1.721274436692871844e-06
2.946579194001874313e+01,2.015872272740448086e-06
2.949078412995939047e+01,5.162215117710652371e-07
2.951577631990003070e+01,1.059294867814595904e-06
2.954076850984067804e+01,2.492645179312902181e-06
2.956576069978131827e+01,1.463251656204317690e-06
2.959075288972195850e+01,5.876098056904189504e-08
2.961574507966260583e+01,1.589051127204574342e-08
2.964073726960324606e+01,2.895255471628046947e-08
2.966572945954389340e+01,9.697783356029062871e-09
2.969072164948453363e+01,9.942971721032346896e-09
2.971571383942518096e+01,4.441250096104824045e-09
2.974070602936582475e+01,1.930330557380319232e-08
2.976569821930646498e+01,1.349050035835629787e-08
2.979069040924711231e+01,2.307241181780687121e-08
2.981568259918775254e+01,1.950805768553000902e-08
2.984067478912839988e+01,2.045013816057452278e-08
2.986566697906904011e+01,3.361164102262187918e-08
2.989065916900968745e+01,8.407103020405826248e-09
2.991565135895032768e+01,2.702620756482770789e-08
2.994064354889096791e+01,6.896365948484839737e-08
2.996563573883161524e+01,6.861894592848976277e-08
2.999062792877225547e+01,2.606005205692682763e-08
3.001562011871290281e+01,2.588784202244151510e-08
3.004061230865354659e+01,7.206888673582413052e-08
3.006560449859419037e+01,1.438763626871858131e-07
3.009059668853483416e+01,1.911979731013474364e-07
3.011558887847547439e+01,8.439356700198741604e-08
3.014058106841612172e+01,1.788543431869276990e-07
3.016557325835676195e+01,2.081481898491580631e-07
3.019056544829740929e+01,1.455586028840648030e-07
3.021555763823804952e+01,1.342002261860426043e-07
3.024054982817869686e+01,2.219626200923329821e-07
3.026554201811933709e+01,2.012136347795280611e-07
3.029053420805997732e+01,9.419129640714474411e-08
3.031552639800062465e+01,4.818192978187176947e-08
3.034051858794126844e+01,5.827545967898008994e-08
3.036551077788191222e+01,1.362340951893698868e-07
3.039050296782255600e+01,1.227933331789359186e-07
3.041549515776319978e+01,9.633593133815189535e-08
3.044048734770384357e+01,2.799436555495704621e-07
3.046547953764448380e+01,3.140512886087849694e-07
3.049047172758513113e+01,8.919490781314475295e-08
3.051546391752577136e+01,1.809934674880770186e-07
3.054045610746641870e+01,3.966448196962891350e-07
3.056544829740705893e+01,2.351223961450996157e-07
3.059044048734770627e+01,2.007447468506625235e-08
3.061543267728834650e+01,9.572841732067507598e-09
3.064042486722899028e+01,1.332214454135877074e-08
3.066541705716963406e+01,1.961524125120195523e-08
3.069040924711027785e+01,1.574594726264383425e-08
3.071540143705092163e+01,9.580896481153377950e-09
3.074039362699156541e+01,9.342463700129171653e-09
3.076538581693221275e+01,9.564694556431058967e-09
3.079037800687285298e+01,1.043676623300436351e-08
3.081537019681349321e+01,1.173858322392545599e-08
3.084036238675414054e+01,1.742204786438579744e-08
3.086535457669478077e+01,2.427138647322411911e-08
3.089034676663542811e+01,2.458040505273171763e-08
3.091533895657606834e+01,1.266986835156406009e-08
3.094033114651671568e+01,8.051340818571303123e-09
3.096532333645735591e+01,3.576932668169969183e-08
3.099031552639799969e+01,4.701857706357217836e-08
3.101530771633864347e+01,2.852548263730730541e-08
3.104029990627928726e+01,2.915228648364270746e-08
3.106529209621993459e+01,5.628013974210753469e-08
3.109028428616057482e+01,8.549826739302530396e-08
3.111527647610122216e+01,3.272441641387175547e-08
3.114026866604186239e+01,6.372382976190878020e-08
3.116526085598250262e+01,5.671749727274789179e-08
3.119025304592314995e+01,4.945836430662526727e-08
3.121524523586379019e+01,1.995437616994680320e-08
3.124023742580443752e+01,6.135166379906500906e-08
3.126522961574507775e+01,7.380498588268434727e-09
3.129022180568572509e+01,5.723093239953056148e-08
3.131521399562636532e+01,6.775186173014137697e-08
3.134020618556700910e+01,7.402237314268692435e-08
3.136519837550765644e+01,6.641728293098297391e-08
3.139019056544829667e+01,7.167669891196142755e-08
3.141518275538894400e+01,4.607127518765019788e-08
3.144017494532958423e+01,2.992061362510960893e-09
3.146516713527023157e+01,6.013677222784311741e-09
3.149015932521087180e+01,1.661357709322307957e-08
3.151515151515151203e+01,3.741816838293562663e-08
3.154014370509215937e+01,5.280280640861272785e-08
3.156513589503279960e+01,3.420033402170158211e-08
3.159012808497344693e+01,1.018312028218354329e-08
3.161512027491408716e+01,9.230114085046911052e-09
3.164011246485473450e+01,2.161526006455175770e-08
3.166510465479537828e+01,2.379658463327525709e-08
3.169009684473601851e+01,1.289462519428760183e-08
3.171508903467666585e+01,1.640606946151557961e-08
3.174008122461730608e+01,1.942220362672903342e-08
3.176507341455795341e+01,2.666223299994730755e-08
3.179006560449859364e+01,4.065382970176900341e-08
3.181505779443924098e+01,3.293548983503032212e-08
3.184004998437988121e+01,1.804491239579756414e-08
3.186504217432052144e+01,3.203753644185092172e-08
3.189003436426116878e+01,2.668727232448145756e-08
3.191502655420180901e+01,2.726703360387669050e-08
3.194001874414245634e+01,3.571217075132797537e-08
3.196501093408310012e+01,2.216567452652930209e-08
3.199000312402374391e+01,3.314971665059087055e-08
3.201499531396438414e+01,2.959921500595534796e-08
3.203998750390502437e+01,2.971066789196042533e-08
3.206497969384567170e+01,1.097091275600172697e-08
3.208997188378631904e+01,1.845862151753436965e-08
3.211496407372695927e+01,2.324898792200990931e-08
3.213995626366760661e+01,3.733827940407985293e-08
3.216494845360824684e+01,1.273089393118785659e-08
3.218994064354889417e+01,5.045443836722283304e-08
3.221493283348953440e+01,4.892201948034776776e-08
3.223992502343018174e+01,4.928485226711268041e-08
3.226491721337082197e+01,1.153645602314214381e-07
3.228990940331146930e+01,1.149189815515852302e-07
3.231490159325210954e+01,9.964348141401746111e-08
3.233989378319274977e+01,8.726325505043512481e-08
3.236488597313339710e+01,1.257415219166541303e-07
3.238987816307403733e+01,1.252734582694542896e-07
3.241487035301468467e+01,9.144439972653006931e-08
3.243986254295532490e+01,5.103927181428513315e-08
3.246485473289597223e+01,3.175124442760016100e-08
3.248984692283661246e+01,4.579266963288732380e-08
3.251483911277725269e+01,5.170597053500911457e-08
3.253983130271790003e+01,4.331353463971089028e-08
3.256482349265854026e+01,2.830934314175607808e-08
3.258981568259918760e+01,1.561410897240865785e-08
3.261480787253982783e+01,8.923500991790971047e-09
3.263980006248047516e+01,1.474169701580888226e-08
3.266479225242111539e+01,2.238749615521521401e-08
3.268978444236176273e+01,1.672320190793356876e-08
3.271477663230240296e+01,9.473241966166884478e-09
3.273976882224305029e+01,1.851864963819387305e-08
3.276476101218369053e+01,1.985795663595210593e-08
3.278975320212433786e+01,1.311046396851333552e-08
3.281474539206498520e+01,1.780749655790338041e-08
3.283973758200562543e+01,1.197104725858158970e-08
3.286472977194626566e+01,4.614425090608402098e-09
3.288972196188691299e+01,7.060567989942943657e-09
3.291471415182755322e+01,9.522791954884356920e-09
3.293970634176820056e+01,3.499066038497293711e-08
3.296469853170884079e+01,4.078438712598151715e-08
3.298969072164948813e+01,2.159961732934007345e-08
3.301468291159012836e+01,8.372515217293933799e-09
3.303967510153076859e+01,9.733180606727879998e-09
3.306466729147141592e+01,2.076667530222711829e-08
3.308965948141205615e+01,3.898090332477765334e-08
3.311465167135270349e+01,5.166814592337672136e-08
3.313964386129334372e+01,5.363516568485663749e-08
3.316463605123399105e+01,3.378910659511014158e-08
3.318962824117463128e+01,4.841413220538315749e-08
3.321462043111527151e+01,5.432064203973235567e-08
3.323961262105591885e+01,5.370960026184835806e-08
3.326460481099655908e+01,5.443382434860665298e-08
3.328959700093720642e+01,7.561923508832543508e-08
3.331458919087784665e+01,4.035898651333683976e-08
3.333958138081849398e+01,2.559835370966006061e-08
3.336457357075913421e+01,7.020220718071601988e-08
3.338956576069978155e+01,7.985157228918652620e-08
3.341455795064042888e+01,5.971311646875442281e-08
3.343955014058106912e+01,2.728134709457700163e-08
3.346454233052171645e+01,2.318694140979822132e-08
3.348953452046235668e+01,3.580707972653582655e-08
3.351452671040300402e+01,4.326536784888044373e-08
3.353951890034364425e+01,3.809681028951407393e-08
3.356451109028428448e+01,2.374211497874266797e-08
3.358950328022493181e+01,1.187101976053483636e-08
3.361449547016557204e+01,5.722829762317106957e-09
3.363948766010621938e+01,1.379377915568295667e-08
3.366447985004685961e+01,2.044925656341004850e-08
3.368947203998750695e+01,1.507247681145472832e-08
3.371446422992814718e+01,9.978312890773866236e-09
3.373945641986878741e+01,1.540862927300767567e-08
3.376444860980943474e+01,2.079465795831352043e-08
3.378944079975007497e+01,1.660065909041391613e-08
3.381443298969072231e+01,6.959601701940969754e-09
3.383942517963136254e+01,6.814645600271778130e-09
3.386441736957200987e+01,5.712771124341412712e-09
3.388940955951265011e+01,1.558707420101392793e-08
3.391440174945329034e+01,8.686158943939473673e-09
3.393939393939393767e+01,3.530065829355141808e-09
3.396438612933457790e+01,8.143087980477007709e-09
3.398937831927522524e+01,1.171119490382203173e-08
3.401437050921587257e+01,1.519586195234181520e-08
3.403936269915651280e+01,1.307255838064798435e-08
3.406435488909716014e+01,2.128384894102272911e-08
3.408934707903780037e+01,3.041510323584653146e-08
3.411433926897844771e+01,4.009808220845056567e-08
3.413933145891908794e+01,4.215194225220248565e-08
3.416432364885973527e+01,3.865288051452591232e-08
3.418931583880037550e+01,4.732095375090342185e-08
3.421430802874102284e+01,3.887280554382354176e-08
3.423930021868166307e+01,1.976293433557221759e-08
3.426429240862230330e+01,8.345381855347714133e-09
3.428928459856295063e+01,6.038517541234450174e-09
3.431427678850359086e+01,1.958910873589998682e-08
3.433926897844423820e+01,2.519307623156511338e-08
3.436426116838487843e+01,3.342740552492966264e-08
3.438925335832552577e+01,2.644305508327352125e-08
3.441424554826616600e+01,1.839608042631914727e-08
3.443923773820680623e+01,2.594588595390063841e-08
3.446422992814745356e+01,2.129293218497777709e-08
3.448922211808809379e+01,1.131200106186957872e-08
3.451421430802874113e+01,1.272070959018074935e-08
3.453920649796938136e+01,1.461076867794311150e-08
3.456419868791002870e+01,1.039487601970414690e-08
3.458919087785066893e+01,1.974032854658553550e-08
3.461418306779131626e+01,1.425587927821960322e-08
3.463917525773195649e+01,3.824169128919801889e-09
3.466416744767260383e+01,2.619131035545765487e-09
3.468915963761324406e+01,3.883744858652580488e-09
3.471415182755389139e+01,4.940110035828147240e-09
3.473914401749453873e+01,9.480878999780643418e-09
3.476413620743517896e+01,1.215974961945928059e-08
3.478912839737581919e+01,1.143834039013920240e-09
3.481412058731646653e+01,9.728201600822554257e-09
3.483911277725710676e+01,1.146517483711429531e-08
3.486410496719775409e+01,1.052379583642124699e-08
3.488909715713839432e+01,1.260783515655835016e-08
3.491408934707904166e+01,7.065125602103943221e-09
3.493908153701968189e+01,1.473055321130330515e-08
3.496407372696032212e+01,1.942745258116438396e-08
3.498906591690096946e+01,1.699120804212224689e-08
3.501405810684160969e+01,2.374437405187169964e-08
3.503905029678225702e+01,2.651177343290493043e-08
3.506404248672289725e+01,1.146813646442080724e-08
3.508903467666354459e+01,1.744881204767109540e-09
3.511402686660418482e+01,2.226681878283449545e-08
3.513901905654482505e+01,4.977166857750939011e-08
3.516401124648547238e+01,3.295496634668528014e-08
3.518900343642611261e+01,4.930653526126750456e-08
3.521399562636675995e+01,6.520723709407528642e-08
3.523898781630740018e+01,5.751322062626425606e-08
3.526398000624804752e+01,2.668967016091838970e-08
3.528897219618868775e+01,5.249898367563359733e-08
3.531396438612933508e+01,4.458178118354452369e-08
3.533895657606998242e+01,5.822658480131431310e-08
3.536394876601062265e+01,6.481683991334419434e-08
3.538894095595126998e+01,6.140359921392976428e-08
3.541393314589191021e+01,5.240562143999217883e-08
3.543892533583255755e+01,4.505327746136098468e-08
3.546391752577319778e+01,4.139631767611734284e-08
3.548890971571383801e+01,3.631557130283333487e-08
3.551390190565448535e+01,4.382041688373193834e-08
3.553889409559512558e+01,3.946489402660827178e-08
3.556388628553577291e+01,1.673928462445546901e-08
3.558887847547641314e+01,2.573884595337275889e-08
3.561387066541706048e+01,2.682403402688838603e-08
3.563886285535770071e+01,1.927429026790382320e-08
3.566385504529834094e+01,1.780067364290128926e-08
3.568884723523898828e+01,9.933806888772283281e-09
3.571383942517962851e+01,1.304395836997678071e-08
3.573883161512027584e+01,1.561871428401839313e-08
3.576382380506091607e+01,1.737743059937092151e-08
3.578881599500156341e+01,2.340511808437679466e-08
3.581380818494220364e+01,1.853609579602838041e-08
3.583880037488284387e+01,1.011241496084592328e-08
3.586379256482349120e+01,1.037430578535373559e-08
3.588878475476413143e+01,1.661464301634336066e-08
3.591377694470477877e+01,2.933735535616678685e-08
3.593876913464542611e+01,5.028961650319532675e-08
3.596376132458606634e+01,4.596379977132203153e-08
3.598875351452671367e+01,2.679678609028496684e-08
3.601374570446735390e+01,1.186243142624368879e-08
3.603873789440800124e+01,2.104452858033724133e-08
3.606373008434864147e+01,1.016512689659397906e-08
3.608872227428928880e+01,3.093801559142055598e-08
3.611371446422992904e+01,4.196270654591077793e-08
3.613870665417057637e+01,4.208559232585498376e-08
3.616369884411121660e+01,3.269639124972560788e-08
3.618869103405185683e+01,5.144893527870256808e-08
3.621368322399250417e+01,5.301100046286090655e-08
3.623867541393314440e+01,4.671493381633473971e-08
3.626366760387379173e+01,2.905032412410146007e-08
3.628865979381443196e+01,3.722734818510934103e-08
3.631365198375507219e+01,3.197163096580958939e-08
3.633864417369571953e+01,3.272049626559614439e-08
3.636363636363635976e+01,3.671729101154865957e-08
3.638862855357700710e+01,2.405221902443691003e-08
3.641362074351764733e+01,2.571711158092194318e-08
3.643861293345829466e+01,3.206762998751969830e-08
3.646360512339893489e+01,2.237748374719929249e-08
3.648859731333957512e+01,2.572550929550092391e-08
3.651358950328022246e+01,2.177742409462906822e-08
3.653858169322086979e+01,1.447113022327796539e-08
3.656357388316151003e+01,3.714971010893213816e-09
3.658856607310215736e+01,1.764615119534826037e-08
3.661355826304280470e+01,1.393530626369853568e-08
3.663855045298344493e+01,1.109678798916020533e-08
3.666354264292408516e+01,6.172148795741764433e-09
3.668853483286473249e+01,4.393429297465064874e-09
3.671352702280537272e+01,1.210599434234897310e-08
3.673851921274602006e+01,6.600490232034539032e-09
3.676351140268666029e+01,1.123392973543747024e-08
3.678850359262730763e+01,2.195992922307781965e-08
3.681349578256794786e+01,1.833790608181317693e-08
3.683848797250858809e+01,1.607466081215408014e-08
3.686348016244923542e+01,1.439716267858546231e-08
3.688847235238987565e+01,1.743046182150152435e-09
3.691346454233052299e+01,1.789447645534822737e-09
3.693845673227116322e+01,6.574128298674099167e-09
3.696344892221181055e+01,7.795178270174506061e-09
3.698844111215245078e+01,6.080840364593094281e-09
3.701343330209309102e+01,3.266165259047908995e-09
3.703842549203373835e+01,1.969100063583208866e-08
3.706341768197437858e+01,2.730478898012468380e-08
3.708840987191502592e+01,1.134116418366698116e-08
3.711340206185566615e+01,1.075393105391612472e-08
3.713839425179631348e+01,2.368141892284691873e-08
3.716338644173695371e+01,5.296420642826505264e-09
3.718837863167760105e+01,5.162482629973746273e-08
3.721337082161824839e+01,5.432520926117123607e-08
3.723836301155888862e+01,2.047835730925964461e-08
3.726335520149953595e+01,1.824257480425708842e-08
3.728834739144017618e+01,1.711478452561325445e-08
3.731333958138082352e+01,2.126902734159125050e-08
3.733833177132146375e+01,1.427630306266096351e-08
3.736332396126210398e+01,1.340261875491529352e-08
3.738831615120275131e+01,2.108928720019438745e-08
3.741330834114339154e+01,1.874774933537201119e-08
3.743830053108403888e+01,1.497791209407235453e-08
3.746329272102467911e+01,1.693017020097109156e-08
3.748828491096532645e+01,7.812703146714523691e-09
3.751327710090596668e+01,1.102282846024679207e-08
3.753826929084660691e+01,5.353504802825729675e-09
3.756326148078725424e+01,1.634628950671921217e-08
3.758825367072789447e+01,2.030536611455981947e-08
3.761324586066854181e+01,1.726784562163238429e-08
3.763823805060918204e+01,4.700852680002266373e-09
3.766323024054982938e+01,7.540319580726353566e-09
3.768822243049046961e+01,2.790008870932547393e-09
3.771321462043110984e+01,6.244164851785942468e-09
3.773820681037175717e+01,1.349535051341940431e-08
3.776319900031239740e+01,6.060744516003823226e-09
3.778819119025304474e+01,1.865746456329617521e-08
3.781318338019369207e+01,1.507760644193625514e-08
3.783817557013433230e+01,9.247067221232191010e-09
3.786316776007497964e+01,2.050476171227398298e-08
3.788815995001561987e+01,1.339238285534188329e-08
3.791315213995626721e+01,2.230556587623601449e-08
3.793814432989690744e+01,3.084299089132985583e-08
3.796313651983755477e+01,1.312223576338091846e-08
3.798812870977819500e+01,2.163077574615702633e-09
3.801312089971884234e+01,6.267539533109048728e-09
3.803811308965948257e+01,1.865921384889159588e-08
3.806310527960012280e+01,9.414573602606776981e-09
3.808809746954077013e+01,1.512753926678658604e-08
3.811308965948141037e+01,2.280925647559903220e-08
3.813808184942205770e+01,4.372457433036338267e-08
3.816307403936269793e+01,2.243951905169314688e-08
3.818806622930334527e+01,6.656423650386016468e-08
3.821305841924398550e+01,7.634594673995330872e-08
3.823805060918462573e+01,5.052147747344257026e-08
3.826304279912527306e+01,3.217027220506900940e-08
3.828803498906591329e+01,1.332580360118589570e-08
3.831302717900656063e+01,2.391456039102563454e-08
3.833801936894720086e+01,1.485392239837674601e-08
3.836301155888784820e+01,3.596590337829081512e-08
3.838800374882848843e+01,3.558083090251348438e-08
3.841299593876913576e+01,2.651617662035632332e-08
3.843798812870977599e+01,2.459890711990052222e-08
3.846298031865042333e+01,1.297104739245654894e-08
3.848797250859106356e+01,1.406595341016040511e-08
3.851296469853171089e+01,1.310143545688097967e-08
3.853795688847235823e+01,1.688879400544078088e-08
3.856294907841299846e+01,1.160845700445452530e-08
3.858794126835363869e+01,2.081482462708658679e-08
3.861293345829428603e+01,2.567867284987207846e-08
3.863792564823492626e+01,1.412900172633631818e-08
3.866291783817557359e+01,8.009047504089621683e-09
3.868791002811621382e+01,2.028579405534171914e-08
3.871290221805686116e+01,2.037772610332151325e-08
3.873789440799750139e+01,2.249440422264589164e-08
3.876288659793814162e+01,1.894374827501965994e-08
3.878787878787878896e+01,2.489742102101268355e-08
3.881287097781942919e+01,1.958388238281778192e-08
3.883786316776007652e+01,1.687919706115852344e-08
3.886285535770071675e+01,2.664210519115612740e-08
3.888784754764136409e+01,2.707551456129676624e-08
3.891283973758200432e+01,2.537307311593912199e-08
3.893783192752264455e+01,1.094091584749345975e-08
3.896282411746329188e+01,1.745819462686613052e-08
3.898781630740393211e+01,2.305100940930642586e-09
3.901280849734457945e+01,9.996092548254889977e-09
3.903780068728521968e+01,4.973494785714634493e-09
3.906279287722586702e+01,9.181437501232328835e-09
3.908778506716650725e+01,1.114674645481509765e-08
3.911277725710715458e+01,3.081081942011782899e-08
3.913776944704780192e+01,4.733182843310608569e-08
3.916276163698844215e+01,1.704112079248872258e-08
3.918775382692908948e+01,3.757336672741623745e-08
3.921274601686972971e+01,4.478371513412940528e-08
3.923773820681037705e+01,2.470788332243904046e-08
3.926273039675101728e+01,1.361049400672854792e-08
3.928772258669165751e+01,1.775571650784593146e-08
3.931271477663230485e+01,2.479168956388124944e-08
3.933770696657294508e+01,1.353230803926386543e-08
3.936269915651359241e+01,8.224913684143748187e-09
3.938769134645423264e+01,9.855085647033935043e-09
3.941268353639487998e+01,3.445162620968182037e-09
3.943767572633552021e+01,8.504644918986208791e-09
3.946266791627616044e+01,1.220595840657213216e-08
3.948766010621680778e+01,8.805453122045869396e-09
3.951265229615744801e+01,4.520106730540962605e-09
3.953764448609809534e+01,6.021995391680098564e-09
3.956263667603873557e+01,1.200020935835811711e-08
3.958762886597938291e+01,7.614680966562757249e-09
3.961262105592002314e+01,5.545483678789824029e-09
3.963761324586066337e+01,1.510235893213547919e-08
3.966260543580131070e+01,8.463639023006448448e-09
3.968759762574195094e+01,1.124269442673799823e-08
3.971258981568259827e+01,2.131079692344792123e-08
3.973758200562324561e+01,2.388631956052632798e-08
3.976257419556388584e+01,2.306525293228460912e-08
3.978756638550453317e+01,1.964775683189610779e-08
3.981255857544517340e+01,9.249297905132089550e-09
3.983755076538582074e+01,2.319728969167600265e-09
3.986254295532646097e+01,8.335431913638655080e-09
3.988753514526710831e+01,1.551146734998143308e-08
3.991252733520774854e+01,9.354738543160617839e-09
3.993751952514839587e+01,7.343754563911465434e-09
3.996251171508903610e+01,1.440910481727736332e-08
3.998750390502967633e+01,1.548478862501173295e-08
